patchsize,fasttresh,scalefactor,n_levels,track_error,features,total_matches,inliers,blur,flow,contrast,average intensity,percentage white pixels,percentage black pixels
48,5,1.2,8,0,1986,1986,187,596.1837615229176,13.685124,0.27,82.80383682232957,1.3253891572732153,0.36886741814278046
48,5,1.2,8,0,1993,1993,194,637.8506331440714,15.471135,0.27,81.30220504562534,1.0123456790123457,0.4337090713902308
48,5,1.2,8,0,1995,1995,142,680.8744778002982,14.710439,0.28,80.95173590982287,0.7312936124530328,0.5749865807836823
48,5,1.2,8,0,2000,2000,161,728.1557442689341,13.398104,0.28,85.12579066022545,1.2697799248523887,0.7963499731615673
48,5,1.2,8,0,1993,1993,204,724.0439726252021,11.379531,0.28,87.40006655931293,1.442404723564144,0.27461084272678477
48,5,1.2,8,0,1984,1984,213,706.7208834514587,11.635014,0.28,85.7395448201825,1.0688137412775094,0.08115942028985507
48,5,1.2,8,0,1975,1975,238,733.799255747166,11.93737,0.28,85.92049168008589,1.3870101986044014,0.014170692431561997
48,5,1.2,8,0,1981,1981,238,761.5773945539977,13.1008415,0.28,84.78938915727322,1.5738056897477186,0.007944176060118088
48,5,1.2,8,0,2000,2000,220,827.7328558863628,13.627304,0.29,85.16051744498121,1.7846484165324745,0.017176596886741814
48,5,1.2,8,0,1990,1990,216,877.8859866149497,12.607303,0.29,84.0235426731079,1.9669350509930221,0.4264090177133656
48,5,1.2,8,0,2000,2000,219,916.1941038908019,13.207611,0.3,84.85898443370907,2.456468062265164,0.5745571658615137
48,5,1.2,8,0,2000,2000,219,936.3689685059832,14.245546,0.3,85.89182608695653,2.6806226516371443,0.45582393988191094
48,5,1.2,8,0,2000,2000,215,939.0694546398495,13.277178,0.3,86.95085990338164,2.8158883521202362,0.23446054750402576
48,5,1.2,8,0,1996,1996,241,927.1024915758599,13.394593,0.31,88.68479012345679,2.761352657004831,0.08523886205045625
48,5,1.2,8,0,1995,1995,268,896.952074144394,14.515952,0.31,89.671050993022,2.5075684380032204,0.01696188942565754
48,5,1.2,8,0,1993,1993,265,863.9448198483968,13.324752,0.31,86.87908319914116,1.9873322597960281,0.03757380568974772
48,5,1.2,8,0,1997,1997,249,872.3299402315786,13.733546,0.31,87.71133870101986,2.2254428341384864,0.05174449812130971
48,5,1.2,8,0,2000,2000,224,879.6164186677755,14.655857,0.31,87.54003220611916,2.1792807300053676,0.049597423510467
48,5,1.2,8,0,1997,1997,204,894.0551519423113,14.744703,0.31,86.88363714439076,2.222651637144391,0.07063875469672572
48,5,1.2,8,0,2000,2000,216,895.5872952085444,14.647531,0.31,85.55620611916264,2.3154052603327964,0.09468599033816424
48,5,1.2,8,0,1993,1993,222,893.9203326053399,16.418364,0.31,84.86525603864735,2.6870638754696725,0.07385936661298981
48,5,1.2,8,0,1993,1993,223,892.997467975656,15.942778,0.31,84.62002361782072,3.296188942565754,0.03821792807300054
48,5,1.2,8,0,1988,1988,214,905.3977323920591,17.245588,0.31,84.59631776704241,4.138056897477187,0.0596886741814278
48,5,1.2,8,0,1985,1985,219,918.0440558237138,17.58063,0.31,83.73074396135266,4.298443370907139,0.0753623188405797
48,5,1.2,8,0,1973,1973,247,946.9606223682237,17.015484,0.31,82.60032850241546,3.7092860976918947,0.11207729468599033
48,5,1.2,8,0,1974,1974,239,954.5647626711013,16.330406,0.3,80.63376918947934,3.067740203972088,0.1294685990338164
48,5,1.2,8,0,1982,1982,192,961.6446770864716,16.371277,0.3,79.93406977992485,3.866881374127751,0.0714975845410628
48,5,1.2,8,0,2000,2000,220,972.9927157580858,15.432762,0.32,82.3921374127751,6.159527643585615,0.11100375738056897
48,5,1.2,8,0,1998,1998,222,987.5630011577766,15.666178,0.32,83.47627482555019,7.728180354267311,0.08137412775093934
48,5,1.2,8,0,1994,1994,254,992.5424964121969,11.706351,0.32,83.08257219538379,8.030059044551798,0.34245840042941494
48,5,1.2,8,0,1990,1990,240,1050.4068251674485,14.45696,0.32,84.60499838969405,8.61857219538379,0.20032206119162643
48,5,1.2,8,0,2000,2000,230,1081.7539157921901,12.848062,0.32,83.20913580246913,8.127536231884058,0.4124530327428878
48,5,1.2,8,0,2000,2000,259,1121.766261832285,11.952644,0.32,83.52623295759528,7.846698872785829,0.49661835748792277
48,5,1.2,8,0,2000,2000,256,1159.2796025843309,10.904916,0.31,82.93868599033816,7.383574879227053,0.2718196457326892
48,5,1.2,8,0,2000,2000,240,1181.6033332817435,11.398397,0.3,80.32490821256039,6.9041331186258725,0.24541062801932367
48,5,1.2,8,0,2000,2000,250,1221.0427235359728,12.044312,0.29,80.29861084272679,6.7437466451959205,0.25679012345679014
48,5,1.2,8,0,2000,2000,250,1242.9562615185234,15.417919,0.29,79.54114009661836,6.7658615136876,0.09060654857756308
48,5,1.2,8,0,2000,2000,266,1311.7813610751919,14.053301,0.28,81.7023166935051,6.5867954911433175,0.041223832528180356
48,5,1.2,8,0,2000,2000,238,1355.395024866132,13.975483,0.28,82.40885882984433,6.357702630166398,0.020397208803005905
48,5,1.2,8,0,1983,1983,208,1420.0848523328405,14.227737,0.28,85.98477724100913,6.187010198604401,0.012453032742887815
48,5,1.2,8,0,1978,1978,238,1475.3800705607134,14.1817255,0.28,88.72016747181965,6.322920021470746,0.00021470746108427267
48,5,1.2,8,0,1988,1988,253,1513.7124942097344,13.607937,0.29,89.56450026838432,6.783252818035426,0.0008588298443370907
48,5,1.2,8,0,1985,1985,252,1510.8005512940804,13.239708,0.29,92.29253247450349,7.961137949543747,0.00042941492216854533
48,5,1.2,8,0,1985,1985,234,1484.9843836822329,13.294411,0.31,95.46212130971551,9.603864734299517,0.00021470746108427267
48,5,1.2,8,0,1973,1973,262,1445.2261873813623,14.209248,0.31,98.23099516908212,10.49597423510467,0.0006441223832528181
48,5,1.2,8,0,1980,1980,293,1437.5625121147687,15.36075,0.32,99.64529683306495,10.201825013419215,0.00021470746108427267
48,5,1.2,8,0,1979,1979,266,1398.174378218955,15.505247,0.32,100.84112292002148,9.787010198604401,0.012238325281803544
48,5,1.2,8,0,1974,1974,301,1350.892059030694,14.252613,0.32,101.06848309178744,9.136231884057972,0.031132581857219538
48,5,1.2,8,0,1974,1974,299,1318.1641871506815,14.431514,0.32,101.04975201288245,8.576060118089103,0.09339774557165861
48,5,1.2,8,0,1978,1978,312,1266.1907641696691,14.66076,0.32,101.23701556629094,8.278690284487386,0.06827697262479872
48,5,1.2,8,0,1968,1968,396,1230.5634554238372,14.9575815,0.32,100.95857004830918,7.97938808373591,0.025979602791196994
48,5,1.2,8,0,1963,1963,406,1176.1660630862796,15.144708,0.32,99.33322168545357,7.42716049382716,0.05711218464841654
48,5,1.2,8,0,1954,1954,450,1134.5931974296927,14.977214,0.31,98.4820010735373,7.334406870638754,0.1831454643048846
48,5,1.2,8,0,1957,1957,408,1091.7528795767205,15.138356,0.31,98.76370799785292,7.359957058507784,0.028341384863123993
48,5,1.2,8,0,1958,1958,497,1037.8868501086927,14.407621,0.31,97.2130091250671,7.05378421900161,0.0753623188405797
48,5,1.2,8,0,1961,1961,511,1008.7040919009755,11.994591,0.31,96.70206763285024,7.0353193773483635,0.08652710681696188
48,5,1.2,8,0,1954,1954,466,988.3003051581985,12.111341,0.31,95.70324422973698,7.204294149221685,0.1107890499194847
48,5,1.2,8,0,1959,1959,534,949.6123359128264,12.236042,0.31,94.53723242082663,7.2212560386473434,0.18529253891572733
48,5,1.2,8,0,1958,1958,513,918.9304185860323,11.573498,0.32,93.0946323134729,7.341921631776705,0.20719269994632314
48,5,1.2,8,0,1953,1953,566,913.2431819501164,9.859235,0.31,90.955602791197,7.0142780461621035,0.14471282877079977
48,5,1.2,8,0,1958,1958,391,906.6582717417796,10.894239,0.31,89.43301556629093,6.62265163714439,0.03757380568974772
48,5,1.2,8,0,1955,1955,468,914.4510644765768,10.073046,0.31,88.46513580246913,6.034997316156736,0.021470746108427266
48,5,1.2,8,0,1952,1952,341,945.0672921226342,9.527896,0.31,88.64584648416532,5.36532474503489,0.017820719269994633
48,5,1.2,8,0,1945,1945,303,951.1965860774302,10.097754,0.31,88.99896725711218,5.096725711218465,0.007085346215780998
48,5,1.2,8,0,1966,1966,387,943.7959481201038,10.273618,0.32,91.99018572195384,6.340955448201825,0.0025764895330112722
48,5,1.2,8,0,1957,1957,392,940.9139099856707,10.802846,0.33,93.13096081588836,7.7249597423510465,0.006226516371443907
48,5,1.2,8,0,1955,1955,432,914.7238642354315,10.980001,0.34,95.21311862587226,9.829307568438002,0.0012882447665056361
48,5,1.2,8,0,1954,1954,396,883.8259638287004,12.855197,0.35,96.71508105206657,12.02211486849168,0.006011808910359635
48,5,1.2,8,0,1960,1960,377,878.7465764078635,13.318209,0.35,95.65126140633387,11.40654857756307,0.0051529790660225444
48,5,1.2,8,0,1968,1968,444,894.2955349732856,14.111428,0.34,91.98837788513151,9.416210413311862,0.0049382716049382715
48,5,1.2,8,0,1978,1978,486,897.0933686407086,14.801848,0.34,89.64616210413313,8.722061191626409,0.008588298443370907
48,5,1.2,8,0,1990,1990,612,895.2444409874764,14.2251,0.33,88.44456253354804,9.396672034353195,0.019753086419753086
48,5,1.2,8,0,1975,1975,465,891.7200064119322,14.79318,0.34,90.71167793880838,10.58593666129898,0.0345679012345679
48,5,1.2,8,0,1973,1973,501,900.5497632079806,16.34881,0.34,92.83174879227053,10.876006441223833,0.0298443370907139
48,5,1.2,8,0,1973,1973,669,898.9682010645778,16.849546,0.34,95.08327643585615,11.101878690284488,0.030059044551798177
48,5,1.2,8,0,1970,1970,534,891.046907480061,17.977526,0.34,97.45892860976919,11.484702093397745,0.08674181427804616
48,5,1.2,8,0,1970,1970,500,889.4241200795558,20.002491,0.34,99.67497584541063,10.953515834675255,0.06484165324745035
48,5,1.2,8,0,1961,1961,579,873.1516081215431,21.500217,0.34,101.62962533548041,10.088030059044552,0.04723564143853999
48,5,1.2,8,0,1959,1959,492,849.5768307923689,22.345533,0.33,102.22684272678475,9.047557702630167,0.0010735373054213634
48,5,1.2,8,0,1964,1964,625,824.0487005691986,23.079859,0.33,101.74988942565754,8.080730005367688,0.0012882447665056361
48,5,1.2,8,0,1961,1961,549,787.0918546664723,24.14942,0.33,99.6899001610306,7.304991948470209,0.013311862587224907
48,5,1.2,8,0,1963,1963,639,775.4809055195274,25.634842,0.32,97.66200107353731,6.719914117015565,0.007085346215780998
48,5,1.2,8,0,1968,1968,704,785.9648195583445,28.377516,0.32,96.28085882984433,6.438003220611916,0.0030059044551798177
48,5,1.2,8,0,1976,1976,631,798.1031815768134,28.971756,0.32,96.15586688137412,6.794847020933978,0.003864734299516908
48,5,1.2,8,0,1971,1971,645,816.5514669227761,27.577988,0.32,97.18211701556629,7.3698336017176596,0.0025764895330112722
48,5,1.2,8,0,1981,1981,582,842.2575481308082,27.708048,0.32,97.12525603864734,7.540526033279657,0.0017176596886741813
48,5,1.2,8,0,1980,1980,647,839.007561853982,26.43163,0.32,96.8223939881911,7.796672034353194,0.01374127750939345
48,5,1.2,8,0,1995,1995,577,840.7323009912282,28.24063,0.33,97.4343553408481,8.072141706924315,0.006655931293612453
48,5,1.2,8,0,1982,1982,563,842.1956607620962,28.684448,0.33,98.00981213097155,8.386258722490608,0.04251207729468599
48,5,1.2,8,0,1979,1979,590,830.9722403282452,28.344389,0.33,99.47485346215781,8.419538378958668,0.17198067632850242
48,5,1.2,8,0,1992,1992,501,809.2181460294522,25.505632,0.33,101.02723778851315,8.313472893183038,0.30681696188942564
48,5,1.2,8,0,1987,1987,541,769.9556327299639,23.889978,0.33,101.72408803005905,7.787869028448739,0.32034353193773485
48,5,1.2,8,0,1981,1981,587,721.812413080679,24.321556,0.33,102.4208523886205,7.422866344605475,0.3038110574342458
48,5,1.2,8,0,1975,1975,485,660.0681056788467,24.228079,0.33,99.90556092324208,6.025979602791197,0.24712828770799786
48,5,1.2,8,0,1972,1972,450,616.1675478899391,24.52954,0.32,94.79968867418143,4.287493290391841,0.19280730005367688
48,5,1.2,8,0,1967,1967,462,582.9032389739566,22.673147,0.31,90.4020998389694,2.926677402039721,0.3239935587761675
48,5,1.2,8,0,1974,1974,480,564.293062583076,22.425634,0.3,87.25930864197531,1.6176060118089104,0.46484165324745036
48,5,1.2,8,0,1979,1979,476,556.8396860464064,23.360992,0.3,86.0553258185722,0.6572195383789586,0.6997316156736446
48,5,1.2,8,0,1975,1975,499,552.8988200381139,23.642523,0.31,86.01606226516371,0.41266774020397207,0.763714439076758
48,5,1.2,8,0,1980,1980,468,556.545975579632,25.450916,0.32,85.70171765968867,0.6791196994095545,0.6995169082125604
48,5,1.2,8,0,1986,1986,442,569.8747244125276,24.385653,0.32,83.96893183038111,1.8217928073000538,0.696940418679549
48,5,1.2,8,0,1990,1990,355,586.0822389901489,23.171244,0.32,81.71358239398819,2.880300590445518,0.650348899624262
48,5,1.2,8,0,1985,1985,343,611.3894573668762,22.144722,0.32,82.7736833064949,4.051529790660226,0.14643048845947398
48,5,1.2,8,0,1982,1982,366,628.9529231808443,19.243946,0.31,82.74534192163178,5.22361782071927,0.12989801395598496
48,5,1.2,8,0,1999,1999,381,652.2565855272117,16.200981,0.31,83.19601502952227,6.634245840042942,0.08266237251744499
48,5,1.2,8,0,1988,1988,500,657.3995674825444,15.138108,0.31,83.04313043478261,8.028126677402039,0.06376811594202898
48,5,1.2,8,0,1992,1992,466,672.949243156181,14.789771,0.31,84.8150316693505,9.480622651637145,0.028341384863123993
48,5,1.2,8,0,2000,2000,420,701.590885680682,12.992473,0.31,87.4637423510467,10.86226516371444,0.012238325281803544
48,5,1.2,8,0,2000,2000,463,713.1257470032997,12.070764,0.32,90.39264412238326,11.965861513687601,0.007514761137949544
48,5,1.2,8,0,1996,1996,386,709.6993402638502,10.79531,0.33,92.81591196994096,12.76435856146001,0.0064412238325281795
48,5,1.2,8,0,1988,1988,459,711.3410041687429,9.944719,0.34,96.4554460547504,13.816210413311863,0.00966183574879227
48,5,1.2,8,0,1998,1998,422,700.0775929543956,9.628927,0.34,98.65105743424584,14.591304347826087,0.0053676865271068165
48,5,1.2,8,0,1982,1982,377,683.6932354053454,8.856654,0.35,99.37977670424047,14.566398282340312,0.027267847557702632
48,5,1.2,8,0,1984,1984,386,661.7411915746117,9.847948,0.35,99.40313687600644,13.636500268384328,0.07235641438539989
48,5,1.2,8,0,1979,1979,292,640.6821427163839,10.973272,0.35,98.6892259796028,11.718947933440688,0.1311862587224906
48,5,1.2,8,0,1992,1992,354,631.509950306441,10.65161,0.34,95.97349221685454,8.645840042941492,0.41116478797638223
48,5,1.2,8,0,1980,1980,326,624.3787171512985,10.362443,0.34,95.00857971014493,6.890821256038647,0.7957058507783145
48,5,1.2,8,0,1977,1977,326,612.043617003651,11.757088,0.34,95.47577026301664,5.518840579710145,1.0681696188942567
48,5,1.2,8,0,1984,1984,268,610.3698966285847,13.329829,0.33,96.36212560386474,4.687063875469673,1.209447128287708
48,5,1.2,8,0,1973,1973,298,586.7529638247477,12.415874,0.33,97.71841331186259,4.204830917874396,1.5903381642512076
48,5,1.2,8,0,1959,1959,345,561.9325322963714,10.901025,0.32,96.63193773483628,3.972732152442297,1.4838432635534085
48,5,1.2,8,0,1971,1971,303,526.1153276223223,12.814047,0.31,93.05278582930757,3.7578099838969403,1.118196457326892
48,5,1.2,8,0,1958,1958,298,512.9393112992033,14.579946,0.3,89.97785721953838,3.3281803542673107,0.4429414922168545
48,5,1.2,8,0,1973,1973,350,491.96171565413437,13.670533,0.3,87.16173268921095,2.7465378421900164,0.6555018786902845
48,5,1.2,8,0,1969,1969,312,481.51630871947987,14.467013,0.3,87.05456790123456,2.693075684380032,0.4747181964573269
48,5,1.2,8,0,1953,1953,343,464.18175091789084,13.533041,0.29,85.89668706387548,2.653569511540526,0.10026838432635535
48,5,1.2,8,0,1944,1944,391,453.21324432833876,12.716747,0.29,86.01413419216318,2.9410628019323672,0.031347289318303814
48,5,1.2,8,0,1944,1944,348,443.89250883363786,12.34696,0.3,86.98830059044552,3.3958132045088565,0.031132581857219538
48,5,1.2,8,0,1946,1946,323,417.2031507988505,12.8405,0.3,86.11017498658079,3.3621041331186254,0.1870101986044015
48,5,1.2,8,0,1944,1944,376,405.12887985691236,12.851345,0.29,85.25860010735373,2.9704777241009124,0.48845947396672035
48,5,1.2,8,0,1951,1951,375,410.77803571658484,12.958648,0.29,85.98886097691894,2.570907139023081,0.47257112184648414
48,5,1.2,8,0,1946,1946,399,404.2191445453154,12.905876,0.29,86.73430166398282,2.4635534084809447,0.15287171229200217
48,5,1.2,8,0,1948,1948,351,393.32358261600695,12.143105,0.29,86.1876607622115,2.157595276435856,0.0027911969940955447
48,5,1.2,8,0,1950,1950,302,389.2617750825825,12.816725,0.28,85.60796779388083,1.8539989264626946,0.001932367149758454
48,5,1.2,8,0,1945,1945,381,389.64691603496055,12.106239,0.28,84.65369189479334,1.473107890499195,0.0034353193773483627
48,5,1.2,8,0,1951,1951,397,387.16344186708585,11.372838,0.28,84.71577026301664,1.260547504025765,0.01374127750939345
48,5,1.2,8,0,1955,1955,408,384.79658671147524,11.990597,0.28,84.64549651100376,1.0917874396135265,0.01460010735373054
48,5,1.2,8,0,1956,1956,437,377.9059222478939,12.061881,0.28,84.15969511540526,0.8629092860976919,0.02082662372517445
48,5,1.2,8,0,1965,1965,383,376.36504308699773,11.830973,0.28,83.9169704777241,0.4096618357487923,0.02962962962962963
48,5,1.2,8,0,1964,1964,394,375.88561865822373,13.14623,0.28,84.0682769726248,0.2645195920558239,0.03821792807300054
48,5,1.2,8,0,1972,1972,344,383.2772508001818,13.467063,0.28,84.10042297369833,0.18722490606548578,0.04573268921095008
48,5,1.2,8,0,1977,1977,434,392.0197367472672,14.354534,0.28,84.10555662909286,0.14879227053140098,0.041223832528180356
48,5,1.2,8,0,1980,1980,306,397.42233598228415,14.84877,0.28,83.94748040794417,0.09447128287707998,0.0581857219538379
48,5,1.2,8,0,1980,1980,300,412.6992720461154,15.300831,0.28,84.67392163177671,0.07643585614600108,0.09125067096081589
48,5,1.2,8,0,1975,1975,273,416.23735712648806,14.911939,0.28,84.34253354804079,0.0753623188405797,0.1565217391304348
48,5,1.2,8,0,1984,1984,252,423.09949313971157,16.59875,0.28,84.0463961352657,0.09855072463768116,0.24820182501341922
48,5,1.2,8,0,1981,1981,228,433.7318579625713,16.173916,0.28,83.55264412238326,0.10971551261406334,0.4156736446591519
48,5,1.2,8,0,1975,1975,214,454.0547157658536,17.09451,0.29,83.66033494363928,0.1335480407944176,0.35748792270531404
48,5,1.2,8,0,1975,1975,216,462.91913142084206,15.658219,0.28,83.72803435319378,0.17627482555018786,0.39248523886205045
48,5,1.2,8,0,1972,1972,211,491.5404118473388,14.642451,0.29,85.13603435319378,0.21256038647342995,0.3407407407407408
48,5,1.2,8,0,1957,1957,242,498.1667139607206,15.527738,0.29,85.61059581320451,0.2821256038647343,0.3098228663446055
48,5,1.2,8,0,1952,1952,225,497.0236134294112,16.001242,0.29,85.60976704240473,0.32420826623725174,0.1266774020397209
48,5,1.2,8,0,1955,1955,289,483.7910683755952,18.57248,0.29,85.4471884057971,0.38561460010735377,0.04508856682769727
48,5,1.2,8,0,1959,1959,287,466.16821566019064,19.589157,0.29,86.00027053140097,0.504777241009125,0.034782608695652174
48,5,1.2,8,0,1954,1954,282,464.51449487938163,18.89379,0.3,87.30970048309179,0.5588835212023617,0.14256575415995706
48,5,1.2,8,0,1952,1952,310,460.47806305788254,18.925283,0.29,85.44077724100913,0.29264626945786365,0.18142780461621041
48,5,1.2,8,0,1954,1954,332,452.20714914291796,20.085363,0.29,84.03317444981214,0.1101449275362319,0.1037037037037037
48,5,1.2,8,0,1936,1936,378,429.9046880451495,15.707762,0.29,82.02700805152979,0.1468599033816425,0.14836285560923243
48,5,1.2,8,0,1947,1947,357,427.21827786802976,13.285403,0.29,80.14038217928073,0.3066022544283414,0.09210950080515297
48,5,1.2,8,0,1948,1948,324,429.63476957688624,13.818137,0.3,79.38003435319378,0.722061191626409,0.07364465915190553
48,5,1.2,8,0,1941,1941,347,453.93854937040646,13.48651,0.31,78.4533676865271,1.3460010735373054,0.16983360171765968
48,5,1.2,8,0,1955,1955,341,463.90612303940264,12.586872,0.31,77.17204508856683,2.1704777241009126,0.10864197530864197
48,5,1.2,8,0,1947,1947,279,481.66135019242137,11.372305,0.31,75.15014707461084,3.1984970477724097,0.17713365539452497
48,5,1.2,8,0,1953,1953,325,506.10475766706935,11.533499,0.31,77.33568008588298,5.069243156199678,0.2200751476113795
48,5,1.2,8,0,1962,1962,313,546.9084335924124,10.670516,0.32,81.50676113794954,8.185292538915727,0.22587224906065487
48,5,1.2,8,0,1954,1954,298,565.3478046120614,10.578872,0.33,83.12618142780461,9.834460547504026,0.22200751476113795
48,5,1.2,8,0,1958,1958,339,585.0186509395654,13.04526,0.33,83.22996672034353,10.179495437466452,0.2537842190016103
48,5,1.2,8,0,1950,1950,309,608.6251397854069,12.572432,0.33,84.12896403650026,10.126033279656468,0.3413848631239935
48,5,1.2,8,0,1956,1956,344,639.6397058451313,13.093133,0.33,87.30067632850242,10.587654320987653,0.10305958132045087
48,5,1.2,8,0,1952,1952,329,645.6669399008877,14.220535,0.33,88.00455179817499,10.353623188405797,0.0770799785292539
48,5,1.2,8,0,1955,1955,318,652.5879233818212,15.281187,0.33,86.09218894256576,9.533440687063875,0.3750939345142244
48,5,1.2,8,0,1960,1960,327,663.2693194077692,13.416559,0.33,84.39218464841653,9.079549114331723,0.6363929146537842
48,5,1.2,8,0,1954,1954,269,681.9975953594148,13.928155,0.33,83.65378421900161,8.942995169082126,1.479549114331723
48,5,1.2,8,0,1961,1961,286,701.9653866124814,12.414746,0.33,84.27022436929683,9.126999463231348,2.3151905528717123
48,5,1.2,8,0,1956,1956,276,733.6934894295249,10.527476,0.33,85.79724959742352,9.365968867418143,2.838862050456253
48,5,1.2,8,0,1971,1971,301,756.2320439518227,10.74732,0.33,87.11599570585078,9.405475040257649,3.328824476650564
48,5,1.2,8,0,1961,1961,281,773.0591060348688,12.026738,0.33,87.69426945786365,8.784970477724102,3.3273215244229735
48,5,1.2,8,0,1980,1980,329,788.3886503335717,13.155926,0.33,87.48360064412239,7.964573268921095,2.5994632313472894
48,5,1.2,8,0,1983,1983,264,790.916218692054,13.608352,0.33,86.62093397745572,6.984863123993559,1.9349436392914654
48,5,1.2,8,0,1972,1972,327,803.6990380263325,14.089499,0.32,86.18187439613527,6.468062265163714,0.8130971551261407
48,5,1.2,8,0,1962,1962,254,810.4009154807321,14.45133,0.32,86.59992914653785,5.951905528717123,0.1131508319914117
48,5,1.2,8,0,1960,1960,245,830.3705370096183,13.213661,0.31,89.44093612453032,5.917981749865808,0.1421363392377885
48,5,1.2,8,0,1956,1956,219,849.8480974495782,11.272367,0.31,91.44176489533011,5.615458937198067,0.0676328502415459
48,5,1.2,8,0,1958,1958,220,845.1092047877572,11.75809,0.31,91.6530692431562,4.774020397208803,0.056682769726247986
48,5,1.2,8,0,1958,1958,219,848.4365361323669,12.40659,0.31,91.46129039184112,3.7271068169618893,0.03521202361782072
48,5,1.2,8,0,1961,1961,226,865.5047296167323,12.317959,0.31,91.78325496511003,3.3071390230810525,0.051529790660225436
48,5,1.2,8,0,1961,1961,239,873.5783672251264,12.899334,0.31,92.16038003220612,3.08040794417606,0.10069779924852387
48,5,1.2,8,0,1946,1946,251,866.8812675046066,14.400671,0.31,90.56973268921095,2.7871175523349434,0.1367686527106817
48,5,1.2,8,0,1936,1936,238,851.3705350876692,14.507425,0.31,87.64688352120235,2.603972088030059,0.2786902844873859
48,5,1.2,8,0,1941,1941,229,848.6840781178859,11.751236,0.31,86.08432635534085,2.512506709608159,0.36070853462157815
48,5,1.2,8,0,1943,1943,265,848.0436030399902,12.011584,0.32,85.94138701019861,2.6305958132045086,0.5432098765432098
48,5,1.2,8,0,1940,1940,207,837.3350567258565,12.4202,0.31,84.77432098765432,2.4040794417606013,0.9176596886741815
48,5,1.2,8,0,1949,1949,260,835.7741237522357,10.336701,0.32,85.32179495437467,2.142565754159957,0.840150295222759
48,5,1.2,8,0,1938,1938,262,835.8618774957644,10.430005,0.32,87.14003650026838,2.145356951154053,0.6705314009661836
48,5,1.2,8,0,1938,1938,219,837.2526799296363,10.186126,0.32,89.65262909286098,2.266881374127751,0.860547504025765
48,5,1.2,8,0,1946,1946,266,801.7745887148401,10.57922,0.32,89.18912292002148,2.015673644659152,0.8719269994632314
48,5,1.2,8,0,1942,1942,212,749.90697531555,11.702882,0.32,88.28135050993022,1.6931830381105744,0.9846484165324745
48,5,1.2,8,0,1940,1940,278,710.6697852912895,10.65584,0.31,86.36329790660226,1.4542136339237788,1.0696725711218464
48,5,1.2,8,0,1941,1941,301,681.4285280530054,11.274106,0.31,83.98023403113258,1.208588298443371,1.2652710681696189
48,5,1.2,8,0,1938,1938,309,655.7328391187959,11.106742,0.31,81.96416103059582,1.199141170155663,1.3902308105206655
48,5,1.2,8,0,1936,1936,298,643.6026608269235,10.39235,0.31,80.96623081052067,1.4013955984970479,1.4872785829307569
48,5,1.2,8,0,1933,1933,318,635.0102446634462,9.553236,0.31,80.38833923778851,2.0195383789586687,1.3908749329039185
48,5,1.2,8,0,1937,1937,322,640.6718410685172,9.670743,0.32,80.81708427267847,3.055931293612453,1.3273215244229737
48,5,1.2,8,0,1935,1935,315,658.0032804870114,9.023608,0.32,81.49813633923779,4.639398819108964,1.2373590982286635
48,5,1.2,8,0,1935,1935,357,676.9572052387193,9.102904,0.33,82.81010198604402,6.593666129898014,1.2199677938808373
48,5,1.2,8,0,1932,1932,301,706.0767289557517,9.094765,0.33,84.21361030595813,8.06677402039721,1.1675791733762748
48,5,1.2,8,0,1943,1943,342,725.0746605275496,9.18753,0.34,85.00553515834675,9.231132581857219,1.4318840579710146
48,5,1.2,8,0,1935,1935,374,741.6752850520725,9.554968,0.34,86.18943209876544,10.559098228663446,1.1564143853998927
48,5,1.2,8,0,1937,1937,374,741.4473147079235,9.557323,0.34,85.41517122920021,10.898336017176597,1.1351583467525497
48,5,1.2,8,0,1941,1941,359,748.1493079176356,9.460873,0.34,84.82284057971015,11.425872249060655,1.1121846484165325
48,5,1.2,8,0,1932,1932,329,751.170569701873,9.201529,0.35,84.97905743424585,12.329790660225443,0.9427804616210413
48,5,1.2,8,0,1936,1936,301,746.775224792435,9.3506775,0.35,85.12822544283414,13.201073537305422,0.8281266774020397
48,5,1.2,8,0,1932,1932,240,749.9071326527163,9.312987,0.35,84.99928287707998,13.735265700483094,0.9277509393451422
48,5,1.2,8,0,1930,1930,271,751.93849631779,9.34954,0.36,85.93888137412775,14.333870101986044,0.8820182501341922
48,5,1.2,8,0,1935,1935,286,746.2986376881387,9.493805,0.35,85.92406870638754,14.256790123456788,1.2620504562533548
48,5,1.2,8,0,1931,1931,213,731.3584268632383,9.415675,0.35,84.79405689747719,13.637573805689748,1.6025764895330115
48,5,1.2,8,0,1933,1933,260,704.5204016986252,9.8336525,0.35,84.41527643585614,13.484057971014494,1.3550187869028447
48,5,1.2,8,0,1929,1929,209,689.9720519376544,10.575616,0.35,84.6348534621578,13.350080515297908,1.4593666129898013
48,5,1.2,8,0,1936,1936,264,662.4331930656016,10.507605,0.35,84.37452710681696,13.005689747718732,2.1468599033816425
48,5,1.2,8,0,1936,1936,282,665.090675935967,9.970466,0.35,86.13868169618894,13.23220611916264,2.0672034353193776
48,5,1.2,8,0,1936,1936,259,658.8950888591709,10.284223,0.35,87.13702415458937,13.409769189479334,2.1303274288781533
48,5,1.2,8,0,1935,1935,287,644.2507151269083,7.7590437,0.35,88.84211486849168,13.885560923242082,1.7122920021470744
48,5,1.2,8,0,1930,1930,336,623.7210839748356,7.58514,0.35,90.11022222222222,14.592377885131508,1.6169618894256574
48,5,1.2,8,0,1938,1938,434,594.3242269983213,8.217414,0.35,90.10342458400429,14.530971551261407,0.6600107353730542
48,5,1.2,8,0,1938,1938,436,569.4093687030672,9.916395,0.35,89.51949973161567,14.390767579173378,0.26516371443907677
48,5,1.2,8,0,1933,1933,352,579.451215028743,9.142077,0.35,88.08774879227053,13.946752549651102,0.7705850778314547
48,5,1.2,8,0,1935,1935,426,574.5466143918932,9.924357,0.34,85.52353837895866,12.920880300590445,1.277938808373591
48,5,1.2,8,0,1947,1947,419,573.9857205124789,8.218016,0.33,82.11577026301664,11.806977992485239,1.0312399355877617
48,5,1.2,8,0,1937,1937,488,567.3731546859799,8.319379,0.33,81.78356843800321,12.157380568974773,0.701663982823403
48,5,1.2,8,0,1944,1944,379,583.8911451547481,8.063277,0.34,82.78825120772947,12.823832528180354,0.461406333870102
48,5,1.2,8,0,1946,1946,401,602.610479723469,7.0085697,0.33,82.92283628556092,12.72914653784219,0.2570048309178744
48,5,1.2,8,0,1949,1949,405,621.79306894104,7.9909563,0.33,82.84840365002684,12.527536231884056,0.14965110037573806
48,5,1.2,8,0,1948,1948,410,642.4724013167069,8.552113,0.33,82.8806140633387,12.420182501341921,0.16876006441223834
48,5,1.2,8,0,1959,1959,423,651.4554812607995,8.675047,0.33,82.99307997852925,12.335802469135801,0.31325818572195385
48,5,1.2,8,0,1968,1968,421,671.6446812623436,8.641693,0.33,83.81549543746645,12.303811057434245,0.14278046162104133
48,5,1.2,8,0,1967,1967,375,671.0194969970102,9.06734,0.33,84.58165754159957,12.330220075147611,0.12088030059044551
48,5,1.2,8,0,1967,1967,385,679.1616509761799,9.033458,0.34,85.88464197530864,12.53870101986044,0.2318840579710145
48,5,1.2,8,0,1968,1968,405,690.4000725889854,9.624173,0.34,87.18488244766506,12.836070853462159,0.10305958132045087
48,5,1.2,8,0,1971,1971,442,692.7638838826787,9.728014,0.34,88.45052066559313,13.363177670424047,0.06505636070853463
48,5,1.2,8,0,1977,1977,365,683.0717229687874,8.776086,0.34,89.48571765968867,13.99849704777241,0.12796564680622652
48,5,1.2,8,0,1966,1966,339,676.2465087993858,8.733049,0.34,89.24711540526033,13.974020397208802,0.25829307568438004
48,5,1.2,8,0,1981,1981,432,673.2674818630682,10.755947,0.33,87.23935158346752,12.88888888888889,0.23553408480944715
48,5,1.2,8,0,1973,1973,390,666.6477540645134,12.081551,0.32,84.14161674718197,11.419645732689212,0.35233494363929146
48,5,1.2,8,0,1973,1973,448,661.5810448198702,11.963285,0.31,81.54150939345142,10.220504562533549,0.32098765432098764
48,5,1.2,8,0,1982,1982,372,663.3365608279154,12.135645,0.31,80.89317230273753,10.195383789586689,0.2383252818035427
48,5,1.2,8,0,1977,1977,361,691.6337324878447,10.97431,0.3,82.74319484702093,10.58593666129898,0.26666666666666666
48,5,1.2,8,0,1986,1986,347,727.701753154167,11.007524,0.31,84.47952979066022,11.072034353193773,0.5460010735373054
48,5,1.2,8,0,1992,1992,393,773.1846883144065,10.877224,0.31,89.63099731615674,11.723242082662374,0.06698872785829307
48,5,1.2,8,0,1991,1991,404,782.582018052599,11.185548,0.31,91.20064841653247,12.196242619431025,0.030273752012882446
48,5,1.2,8,0,1973,1973,381,777.4879610084612,11.763567,0.32,93.07757165861514,12.60955448201825,0.02082662372517445
48,5,1.2,8,0,1979,1979,366,778.5312329546515,11.437147,0.32,94.11559205582394,13.066022544283415,0.034997316156736444
48,5,1.2,8,0,1979,1979,376,764.5965882914312,10.698706,0.33,93.69608588298443,13.498658078368223,0.10284487385936662
48,5,1.2,8,0,1979,1979,364,762.4512926200508,10.650071,0.33,93.53098443370907,13.907675791733762,0.7162640901771337
48,5,1.2,8,0,1978,1978,337,781.2842161095525,12.080978,0.33,95.69539667203435,14.703811057434246,1.0814814814814815
48,5,1.2,8,0,1978,1978,370,795.9707152707607,12.721793,0.34,99.25746430488459,15.713794954374666,0.9318303811057435
48,5,1.2,8,0,1986,1986,419,798.9070788905351,13.233406,0.35,101.7936038647343,16.33923778851315,1.2083735909822866
48,5,1.2,8,0,1993,1993,385,784.7737734653316,12.068172,0.35,104.09762748255501,15.717015566290929,1.077187332259796
48,5,1.2,8,0,1994,1994,465,755.8080268365237,11.51593,0.35,104.67423510466989,13.407622114868492,0.9835748792270532
48,5,1.2,8,0,1982,1982,417,708.2055963992719,13.279827,0.35,103.05783145464305,10.443370907139023,1.097584541062802
48,5,1.2,8,0,1979,1979,427,675.8787848426026,14.25667,0.35,101.86697369833601,8.828770799785293,1.519699409554482
48,5,1.2,8,0,1976,1976,414,655.9208746808144,14.685987,0.34,101.52230810520666,7.295544820182501,1.7084272678475576
48,5,1.2,8,0,1966,1966,449,649.4152543442034,15.262317,0.34,102.38780891035964,5.402039720880301,1.5104669887278583
48,5,1.2,8,0,1977,1977,465,644.2620344807323,15.870305,0.33,103.51078046162104,3.5469672571121844,1.5699409554482018
48,5,1.2,8,0,1975,1975,486,642.4199085033894,14.626102,0.33,103.8082383252818,1.986473429951691,1.53064949006978
48,5,1.2,8,0,1962,1962,445,618.8185008231892,14.383947,0.32,99.7972882447665,1.0932903918411165,1.6313472893183036
48,5,1.2,8,0,1969,1969,458,582.9312476622857,15.20856,0.3,93.82102844873859,0.6681696188942565,1.4868491680085882
48,5,1.2,8,0,1973,1973,432,547.9319937911165,15.044621,0.29,89.09702200751477,0.6061191626409018,0.9908749329039185
48,5,1.2,8,0,1972,1972,497,534.4943756221585,15.904187,0.29,86.878692431562,0.6381105743424584,1.4950080515297905
48,5,1.2,8,0,1975,1975,443,535.2444695805639,14.854686,0.29,86.11523778851316,0.6651637144390767,2.0004294149221686
48,5,1.2,8,0,1979,1979,459,543.4011162114402,14.045012,0.29,85.91870746108427,0.7005904455179818,1.546537842190016
48,5,1.2,8,0,1987,1987,413,545.7591399115572,14.019603,0.29,85.9973655394525,0.7506172839506173,1.3011272141706924
48,5,1.2,8,0,1986,1986,382,541.5981134375188,15.039408,0.29,86.40603327965647,0.7989264626945787,0.7892646269457864
48,5,1.2,8,0,1980,1980,379,543.6068162820814,15.039742,0.29,85.45136876006441,0.8601180891035963,0.9747718733225978
48,5,1.2,8,0,1988,1988,422,545.8616897413804,16.16015,0.29,85.32158668813742,0.914224369296833,1.0539989264626946
48,5,1.2,8,0,1993,1993,352,563.9740334750296,14.8557625,0.29,85.39602576489533,0.9921631776704241,0.5006977992485239
48,5,1.2,8,0,1985,1985,326,577.6272802353645,15.766326,0.29,85.93145249597424,1.0767579173376274,0.7055287171229201
48,5,1.2,8,0,1997,1997,327,604.2011614237651,15.348146,0.29,86.06516586151369,1.1768115942028985,0.6651637144390767
48,5,1.2,8,0,1988,1988,311,609.2063455104919,16.55187,0.29,86.11996564680622,1.3075684380032206,0.6600107353730542
48,5,1.2,8,0,1996,1996,233,623.4787730362648,16.85227,0.3,85.81729253891572,1.3988191089640365,0.9397745571658616
48,5,1.2,8,0,1993,1993,215,646.6015415309561,18.385944,0.3,86.20594954374664,1.547181964573269,0.864626945786366
48,5,1.2,8,0,1980,1980,179,668.8861226377163,15.707851,0.3,86.86459903381642,1.7537305421363392,1.1115405260332798
48,5,1.2,8,0,1978,1978,189,666.5619248893648,16.253452,0.3,86.7327922705314,1.9458937198067634,1.1866881374127751
48,5,1.2,8,0,1984,1984,156,668.4788443593912,16.766506,0.3,86.2509500805153,2.183360171765969,1.5581320450885667
48,5,1.2,8,0,1991,1991,161,676.141639041833,17.389793,0.29,82.61520343531937,1.3979602791196994,1.5650026838432636
48,5,1.2,8,0,1993,1993,174,706.4726976224578,16.403223,0.29,82.95787654320988,1.5177670424047236,0.6445517981749865
48,5,1.2,8,0,1987,1987,162,733.475458786518,14.022504,0.3,84.85624691358025,1.7090713902308103,0.1887278582930757
48,5,1.2,8,0,1983,1983,130,774.6628986923373,13.937334,0.31,86.64675684380032,1.8280193236714974,0.12646269457863663
48,5,1.2,8,0,1969,1969,145,810.211551260226,14.08919,0.31,88.4952678475577,1.6893183038110573,0.21621041331186258
48,5,1.2,8,0,1975,1975,210,783.7191995872225,13.50938,0.31,87.91394954374664,1.471604938271605,0.3014492753623188
48,5,1.2,8,0,1971,1971,190,710.0673015423109,14.425691,0.31,86.31241223832528,1.4009661835748792,0.5429951690821255
48,5,1.2,8,0,1967,1967,200,636.2842475045223,13.8360405,0.32,84.44988298443371,1.356736446591519,1.052710681696189
48,5,1.2,8,0,1970,1970,286,573.329951204893,14.996089,0.32,83.00857756307032,1.4144927536231884,1.4348899624261942
48,5,1.2,8,0,1976,1976,227,526.623088325816,13.619003,0.32,81.30373376274825,1.6541062801932367,1.2139559849704777
48,5,1.2,8,0,1963,1963,254,516.5501684593081,14.657094,0.32,81.80986580783683,2.176489533011272,0.5277509393451422
48,5,1.2,8,0,1964,1964,216,537.3201646958308,15.56313,0.32,83.88436929683307,2.9084272678475576,0.5073537305421363
48,5,1.2,8,0,1961,1961,237,554.7371174963241,14.358171,0.32,83.7018035426731,3.0342458400429413,0.47600644122383257
48,5,1.2,8,0,1961,1961,191,570.8605295108305,15.07217,0.31,83.09739774557166,3.3019860440150297,0.688996242619431
48,5,1.2,8,0,1975,1975,173,593.5610542359966,14.193329,0.31,83.26381320450885,3.914761137949544,0.7074610842726784
48,5,1.2,8,0,1967,1967,168,622.3077212323793,14.863651,0.32,84.63131508319914,4.730864197530864,0.8120236178207193
48,5,1.2,8,0,1970,1970,173,632.2019683376404,13.944008,0.32,85.75373268921095,5.301556629092861,1.0383252818035427
48,5,1.2,8,0,1973,1973,197,646.8826095564689,13.877761,0.33,86.81793666129899,5.852495974235105,1.0930756843800322
48,5,1.2,8,0,1981,1981,209,641.5937296594086,14.250684,0.34,87.46273966720344,6.2196457326892105,1.2440150295222758
48,5,1.2,8,0,1973,1973,207,640.238061778701,11.218203,0.34,86.93977670424047,5.942458400429415,1.7676865271068172
48,5,1.2,8,0,1962,1962,206,638.7352108516768,10.538707,0.34,86.15776274825551,5.464090177133656,2.1799248523886208
48,5,1.2,8,0,1974,1974,207,610.9973333448769,9.627956,0.34,83.65183682232957,4.980783682232957,2.3785292538915725
48,5,1.2,8,0,1973,1973,210,598.7063169405327,10.348246,0.34,81.30209125067095,4.199892646269458,5.993344068706388
48,5,1.2,8,0,1978,1978,191,609.3607488691803,12.399775,0.35,83.94416747181964,5.468169618894256,6.892968330649491
48,5,1.2,8,0,1995,1995,174,607.6691162151743,13.150739,0.36,87.15640579710146,6.980568974771874,6.094256575415995
48,5,1.2,8,0,1982,1982,208,598.7216999604593,11.318599,0.36,88.55244659151906,6.449382716049383,5.098228663446055
48,5,1.2,8,0,1990,1990,169,604.6116949482952,10.315923,0.35,88.44596242619431,4.784755770263017,4.4120236178207195
48,5,1.2,8,0,1994,1994,167,606.0992615279208,9.7127905,0.34,88.93949329039184,3.863016639828234,2.816747181964573
48,5,1.2,8,0,1984,1984,212,596.7006532118685,10.615435,0.34,88.82697584541063,3.2772946859903382,1.3674718196457327
48,5,1.2,8,0,1977,1977,189,575.1235268648718,12.194091,0.33,86.80558239398819,2.727428878153516,1.7730542136339238
48,5,1.2,8,0,1983,1983,239,572.9358913000596,13.528807,0.33,85.83303703703703,2.528395061728395,2.402791196994096
48,5,1.2,8,0,1979,1979,272,565.0058141570632,13.0185,0.32,85.29175308641976,2.4143853998926463,2.7695115405260333
48,5,1.2,8,0,1990,1990,234,562.140328679363,13.20686,0.32,84.9014857756307,2.396349973161567,2.7622114868491683
48,5,1.2,8,0,1987,1987,246,571.7868730923896,13.779181,0.32,85.30598819108964,2.506924315619968,2.014170692431562
48,5,1.2,8,0,1978,1978,275,587.5003131036885,14.72775,0.32,87.46564036500268,2.7078904991948467,0.7832528180354268
48,5,1.2,8,0,1974,1974,210,612.1183101975106,15.726249,0.32,89.72571765968867,2.751476113794954,0.6673107890499195
48,5,1.2,8,0,1972,1972,236,616.5105477310141,15.42139,0.32,91.00337520128825,2.4925389157273212,1.2878153515834676
48,5,1.2,8,0,1970,1970,166,600.739366152292,15.631997,0.31,88.42410520665594,1.9033816425120773,1.1448201825013418
48,5,1.2,8,0,1975,1975,205,588.2590699617336,13.497504,0.3,84.55040257648953,1.4572195383789586,1.224476650563607
48,5,1.2,8,0,1985,1985,195,579.0284779506835,14.533159,0.3,82.26091680085882,1.6384326355340848,1.801610305958132
48,5,1.2,8,0,1992,1992,190,611.0811774165738,16.427698,0.31,81.84183789586689,2.1333333333333333,1.8982286634460548
48,5,1.2,8,0,2000,2000,235,640.1736191056033,13.875814,0.31,83.49563285024155,2.8657004830917874,1.454428341384863
48,5,1.2,8,0,1998,1998,223,654.6215132760489,13.924328,0.31,83.83796672034353,3.3389157273215244,2.052173913043478
48,5,1.2,8,0,1992,1992,187,652.208673934354,14.211227,0.3,79.2641996779388,3.0735373054213633,3.259259259259259
48,5,1.2,8,0,1993,1993,163,686.5187875673478,13.945797,0.31,81.17925711218464,4.648201825013419,4.20504562533548
48,5,1.2,8,0,1987,1987,192,744.5227891748442,12.985565,0.33,85.7901384863124,6.695652173913043,3.701341921631777
48,5,1.2,8,0,1980,1980,176,747.9067999713676,12.194386,0.33,87.07964143854,7.0527106816961895,2.9101449275362317
48,5,1.2,8,0,1988,1988,186,753.4113796934619,13.170092,0.33,87.67108534621578,6.5049919484702095,2.7682232957595274
48,5,1.2,8,0,2000,2000,199,740.8118012816689,13.899903,0.33,88.43433172302737,6.165539452495975,3.0713902308105205
48,5,1.2,8,0,1976,1976,265,723.4806157310451,13.953875,0.32,90.1068706387547,5.85378421900161,3.076972624798712
48,5,1.2,8,0,1976,1976,245,716.4920733767716,15.232365,0.32,91.26918089103596,5.100590445517981,2.8534621578099837
48,5,1.2,8,0,1974,1974,253,723.5385305446212,16.02171,0.32,94.03755233494364,4.654428341384863,1.819645732689211
48,5,1.2,8,0,1983,1983,258,727.3713122545462,13.006119,0.31,94.88087815351584,3.7335480407944175,0.8878153515834675
48,5,1.2,8,0,1968,1968,257,720.0820317712231,13.731227,0.31,94.36034138486312,2.685560923242083,0.7873322597960278
48,5,1.2,8,0,1982,1982,246,708.4997316613117,13.239175,0.3,93.27162640901771,1.6298443370907139,0.8360708534621577
48,5,1.2,8,0,1979,1979,243,693.4313569971656,15.4088,0.29,91.99936446591519,1.027589908749329,0.8440150295222758
48,5,1.2,8,0,1981,1981,291,660.3421526743568,15.328575,0.29,90.8106129898014,0.7862587224906065,0.8521739130434783
48,5,1.2,8,0,1969,1969,283,644.9016845091978,16.727922,0.29,89.9443177670424,0.7531937734836286,0.7501878690284488
48,5,1.2,8,0,1966,1966,299,636.8622028802541,15.139951,0.28,89.63107890499195,0.6230810520665593,0.745679012345679
48,5,1.2,8,0,1969,1969,331,625.9603435153421,14.090437,0.28,89.26694363929147,0.5706924315619968,0.9273215244229737
48,5,1.2,8,0,1976,1976,291,616.565648584719,15.261124,0.28,86.97503596349974,0.48910359634997314,1.3217391304347827
48,5,1.2,8,0,1978,1978,285,612.0774451357611,14.189875,0.28,85.09253891572732,0.4624798711755233,1.2568974771873322
48,5,1.2,8,0,1978,1978,325,619.2529381274294,14.541844,0.28,84.15282232957595,0.5112184648416532,1.1353730542136338
48,5,1.2,8,0,1987,1987,258,625.7450504534341,13.977396,0.29,83.1423188405797,0.5666129898013956,1.4353193773483628
48,5,1.2,8,0,1978,1978,292,638.8864349387286,12.142987,0.29,81.1189307568438,0.5855072463768116,1.5053140096618356
48,5,1.2,8,0,1985,1985,278,665.5884582675759,11.945723,0.29,81.13999141170156,0.7759527643585615,1.2783682232957596
48,5,1.2,8,0,1980,1980,245,708.282112531308,12.212208,0.3,83.17174879227053,1.104669887278583,1.688244766505636
48,5,1.2,8,0,1971,1971,204,753.178769556805,12.653081,0.31,85.76126247987118,1.890713902308105,1.97788513150832
48,5,1.2,8,0,1976,1976,214,767.7166940201434,13.507614,0.32,87.17400751476114,2.303166935050993,2.0545356951154052
48,5,1.2,8,0,1969,1969,185,762.0482436088785,13.2075405,0.32,88.22857971014493,2.2902844873859367,2.2836285560923244
48,5,1.2,8,0,1979,1979,179,756.7968916541552,12.808791,0.32,87.95457219538379,2.0304884594739665,2.597101449275362
48,5,1.2,8,0,1969,1969,195,751.1645168930851,13.261215,0.32,86.79613097155126,1.5499731615673644,3.1697262479871173
48,5,1.2,8,0,1968,1968,182,756.4179285456147,12.162694,0.32,86.70510359634997,1.4260869565217391,3.546323134728932
48,5,1.2,8,0,1971,1971,146,754.7391647212432,11.629828,0.32,86.54649275362318,1.3412775093934515,2.5599570585077833
48,5,1.2,8,0,1980,1980,180,757.0492176386315,12.34896,0.31,85.80432206119163,1.1516908212560386,1.9319377348362854
48,5,1.2,8,0,1980,1980,131,752.3879790304408,13.998752,0.31,85.38424691358024,1.035534084809447,1.1982823403113259
48,5,1.2,8,0,1970,1970,146,739.6793525184714,14.4232025,0.31,85.78811164787976,0.8972624798711755,0.6999463231347289
48,5,1.2,8,0,1960,1960,202,717.092752746145,13.930235,0.31,86.50291572732152,0.9608158883521203,0.9734836285560924
48,5,1.2,8,0,1965,1965,191,665.1354502607761,13.44669,0.3,85.50077509393451,0.9917337627482555,0.721202361782072
48,5,1.2,8,0,1969,1969,202,639.2656107260377,12.786219,0.3,84.1916242619431,0.8678475577026301,0.8178207192699947
48,5,1.2,8,0,1963,1963,230,644.1785893613596,11.864334,0.3,84.56879656468062,0.962962962962963,0.8594739667203435
48,5,1.2,8,0,1960,1960,211,627.4556423422429,12.043214,0.3,84.2962791196994,0.911003757380569,0.9560923242082662
48,5,1.2,8,0,1956,1956,259,631.1231596386896,12.699625,0.3,85.6321374127751,0.9627482555018787,0.9391304347826087
48,5,1.2,8,0,1960,1960,225,636.3955709098658,12.164682,0.3,87.49409554482018,1.046484165324745,0.5107890499194847
48,5,1.2,8,0,1961,1961,243,628.3258332388516,13.163019,0.3,89.34626516371443,1.0733225979602792,0.10434782608695652
48,5,1.2,8,0,1951,1951,240,622.600250040675,14.171507,0.29,91.20383252818036,1.0823403113258185,0.10649490069779925
48,5,1.2,8,0,1953,1953,265,611.566700708441,14.329275,0.29,93.60306387546967,1.088137412775094,0.1500805152979066
48,5,1.2,8,0,1958,1958,285,602.4174560165128,14.325225,0.3,97.30108212560387,1.0728931830381105,0.21513687600644124
48,5,1.2,8,0,1957,1957,256,590.2937958093046,13.91163,0.29,99.48129039184111,1.041760601180891,0.3190552871712292
48,5,1.2,8,0,1955,1955,297,557.0999982925697,15.182033,0.28,97.77563714439077,0.7403113258185722,0.5043478260869565
48,5,1.2,8,0,1965,1965,279,521.8611300976816,15.058942,0.28,94.03554267310788,0.4176060118089103,0.7392377885131508
48,5,1.2,8,0,1970,1970,233,489.6275892610542,13.150472,0.27,92.02743102522813,0.2668813741277509,0.960601180891036
48,5,1.2,8,0,1965,1965,359,461.16756577666337,14.50281,0.27,90.6747911969941,0.2177133655394525,1.2328502415458937
48,5,1.2,8,0,1965,1965,349,431.4930090991364,13.521215,0.27,88.28851959205582,0.2028985507246377,1.55577026301664
48,5,1.2,8,0,1962,1962,346,399.64903985871024,14.456406,0.26,85.89152120236179,0.1374127750939345,3.2073000536768657
48,5,1.2,8,0,1973,1973,339,398.7202357577633,14.341527,0.27,86.46230595813205,0.2499194847020934,3.335265700483092
48,5,1.2,8,0,1961,1961,313,390.7847441738197,14.8252,0.27,85.83766827697262,0.2750402576489533,4.036929683306495
48,5,1.2,8,0,1963,1963,372,391.52525597246716,14.309142,0.28,87.02183145464305,0.3272141706924316,2.4296296296296296
48,5,1.2,8,0,1958,1958,335,402.46429231838806,14.53906,0.28,86.67286097691895,0.36092324208266235,2.89597423510467
48,5,1.2,8,0,1960,1960,324,411.22659958122716,15.315755,0.29,86.0981771336554,0.396779388083736,3.217820719269995
48,5,1.2,8,0,1961,1961,363,420.2373497488308,15.763217,0.29,85.59631776704241,0.38217928073000534,3.6878153515834677
48,5,1.2,8,0,1955,1955,379,434.0096058673381,13.911825,0.3,84.95787869028449,0.3549114331723027,4.175201288244766
48,5,1.2,8,0,1964,1964,333,440.1224409379523,13.038256,0.31,85.36349543746645,0.3098228663446055,4.218786902844874
48,5,1.2,8,0,1964,1964,272,432.5652147337538,13.509584,0.31,85.28616425120772,0.3169082125603865,4.391411701556629
48,5,1.2,8,0,1960,1960,290,433.1923428691451,12.231621,0.31,85.06644981213097,0.3239935587761675,4.125818572195384
48,5,1.2,8,0,1965,1965,301,426.22146601652355,9.605624,0.31,83.86159957058507,0.33537305421363395,3.9697262479871176
48,5,1.2,8,0,1967,1967,311,410.9609633946829,9.602177,0.32,82.94921953837896,0.3658615136876006,5.019431025228126
48,5,1.2,8,0,1968,1968,314,392.82153169418757,9.471654,0.32,83.35084487385937,0.3873322597960279,5.726033279656468
48,5,1.2,8,0,1954,1954,364,384.246060393643,8.806423,0.33,83.90031776704241,0.8382179280730006,5.2214707461084275
48,5,1.2,8,0,1958,1958,364,375.1508985444135,9.131187,0.33,83.91175308641975,2.0199677938808374,5.3228126677402035
48,5,1.2,8,0,1962,1962,392,372.36863096547887,9.5276,0.34,85.67547396672035,3.9656468062265167,5.931937734836286
48,5,1.2,8,0,1971,1971,487,381.56101575243537,9.2887125,0.36,90.21892431561997,7.394095544820183,4.933977455716587
48,5,1.2,8,0,1972,1972,542,363.23939896701404,7.419129,0.36,91.6497219538379,9.549543746645197,3.9725174449812135
48,5,1.2,8,0,1986,1986,519,342.30585235744115,6.5997686,0.38,94.32956092324208,11.683521202361783,3.805904455179818
48,5,1.2,8,0,1985,1985,585,341.75608045352953,6.8011146,0.38,94.00701449275363,13.442404723564144,4.02812667740204
48,5,1.2,8,0,1986,1986,509,349.9137841469716,6.200246,0.38,93.89026516371445,15.60257648953301,4.392699946323135
48,5,1.2,8,0,1981,1981,518,362.7040892306045,6.2222905,0.38,93.35177670424048,17.46988727858293,8.637466451959206
48,5,1.2,8,0,1993,1993,502,383.9356886482505,6.2905207,0.39,97.67716156736446,21.073537305421365,8.320558239398819
48,5,1.2,8,0,1980,1980,558,395.2473555894963,5.0675025,0.39,100.43974879227054,21.99806763285024,8.607407407407408
48,5,1.2,8,0,1985,1985,543,400.4743530509764,6.238522,0.4,100.13274932903919,21.021148684916803,13.081696188942566
48,5,1.2,8,0,1990,1990,413,416.40980267186205,5.8589754,0.39,99.58168974771873,20.08094471282877,12.877509393451422
48,5,1.2,8,0,1985,1985,512,429.02550518908043,6.6061563,0.39,99.47386580783682,19.558561460010733,11.345356951154052
48,5,1.2,8,0,1982,1982,415,436.3779855266655,6.7858057,0.39,100.030295222759,19.512828770799786,10.921739130434782
48,5,1.2,8,0,1987,1987,456,460.8220391205108,7.990911,0.39,103.09912614063339,19.316800858829843,10.138056897477188
48,5,1.2,8,0,1992,1992,387,497.9313284802487,7.939384,0.39,106.0213054213634,17.752012882447666,9.61460010735373
48,5,1.2,8,0,1985,1985,420,517.5354033836813,7.6270857,0.39,107.34517444981213,14.805797101449276,10.15072463768116
48,5,1.2,8,0,1982,1982,265,534.7130638148907,6.4171915,0.38,105.70225013419217,10.904133118625872,10.235319377348363
48,5,1.2,8,0,1978,1978,313,554.6969209346331,7.609447,0.37,103.18404723564144,6.238325281803543,9.318303811057433
48,5,1.2,8,0,1980,1980,315,523.3558512553271,7.02544,0.36,100.75673859366613,2.8927536231884057,7.432313472893183
48,5,1.2,8,0,1984,1984,290,520.5002017941543,7.9180636,0.35,98.00438647342995,1.1972088030059045,4.177777777777777
48,5,1.2,8,0,1989,1989,318,522.2637386602865,7.9447546,0.34,95.64912077294686,0.5818572195383789,2.2224369296833064
48,5,1.2,8,0,1986,1986,326,511.95555686028086,7.8372207,0.33,93.9731100375738,0.49017713365539456,0.9447128287707998
48,5,1.2,8,0,1997,1997,267,497.89977880798176,7.61763,0.33,93.04265593129361,0.5326892109500805,1.202361782071927
48,5,1.2,8,0,1986,1986,365,472.96654188487224,6.3895454,0.33,93.29012775093935,0.7682232957595276,1.044981213097155
48,5,1.2,8,0,1971,1971,326,455.4500412981399,6.945115,0.32,91.05695544820182,0.05947396672034354,1.6770799785292538
48,5,1.2,8,0,1981,1981,424,426.20832534152987,7.7433324,0.32,88.50054535695115,0.0691358024691358,3.3208803005904453
48,5,1.2,8,0,1977,1977,340,412.9850902422881,6.6219196,0.32,87.47072034353194,0.09704777241009126,4.6623725174449815
48,5,1.2,8,0,1981,1981,390,453.40323064574557,7.061739,0.33,91.80329146537842,0.21878690284487384,3.0477724100912504
48,5,1.2,8,0,1996,1996,263,500.858932243334,8.362293,0.33,96.22623295759527,0.34782608695652173,1.9085346215780996
48,5,1.2,8,0,1997,1997,373,534.9543887004129,7.021164,0.33,100.55756092324208,0.19066022544283412,1.3219538378958668
48,5,1.2,8,0,1991,1991,363,519.1229860419705,7.378504,0.32,98.65878046162103,0.08502415458937199,1.0920021470746109
48,5,1.2,8,0,1980,1980,335,492.57446581792095,8.913421,0.31,95.84676328502415,0.04809447128287708,1.2543209876543209
48,5,1.2,8,0,1995,1995,314,494.50887478930457,10.390432,0.3,94.34956092324208,0.04852388620504563,0.9668276972624799
48,5,1.2,8,0,1974,1974,278,504.77549349721176,11.897386,0.3,92.83711433172303,0.04938271604938272,0.8251207729468598
48,5,1.2,8,0,1993,1993,322,521.7028263148597,11.7726345,0.29,92.44842297369834,0.05754159957058508,1.085775630703167
48,5,1.2,8,0,1994,1994,251,510.5213618354895,12.571644,0.29,90.34126033279657,0.0416532474503489,1.0348899624261942
48,5,1.2,8,0,1986,1986,267,518.1739189235584,13.67674,0.28,89.32241760601181,0.05260332796564681,0.4867418142780462
48,5,1.2,8,0,1992,1992,272,523.4836444151758,11.214447,0.28,89.35918625872249,0.07428878153515835,0.24605475040257646
48,5,1.2,8,0,1990,1990,245,529.6240770948733,9.677566,0.28,88.0507546967257,0.09060654857756308,0.09726247987117552
48,5,1.2,8,0,1985,1985,289,525.7002953398788,9.765819,0.28,85.35374342458401,0.1054213633923779,0.06548577563070317
48,5,1.2,8,0,1993,1993,246,525.1547878101758,11.180239,0.28,84.11746215780998,0.1565217391304348,0.10305958132045087
48,5,1.2,8,0,1994,1994,230,557.6618342704847,12.279956,0.28,84.96262587224906,0.17434245840042942,0.0942565754159957
48,5,1.2,8,0,2000,2000,246,600.4223518267405,11.960575,0.29,87.21788513150833,0.31626409017713364,0.05990338164251208
48,5,1.2,8,0,1997,1997,222,635.5063597011547,12.086494,0.29,88.88121095008051,0.5067096081588836,0.041438539989264625
48,5,1.2,8,0,1994,1994,213,657.8175795243027,11.5155945,0.29,90.36431132581858,0.641760601180891,0.05625335480407944
48,5,1.2,8,0,2000,2000,219,648.3015995658645,12.382194,0.29,89.45686312399356,0.9135802469135803,0.11594202898550725
48,5,1.2,8,0,1986,1986,201,635.3827200173519,12.435434,0.29,87.42685990338164,1.1727321524422973,0.13462157809983896
48,5,1.2,8,0,1993,1993,209,629.0280242575128,12.720218,0.28,85.42280837359098,1.5761674718196457,0.07235641438539989
48,5,1.2,8,0,1973,1973,212,637.2025998822004,13.950427,0.28,86.05584326355341,2.1004830917874395,0.04186795491143317
48,5,1.2,8,0,1997,1997,155,651.7936918574529,12.9182,0.27,83.86745034889962,1.1160493827160494,0.01760601180891036
48,5,1.2,8,0,1992,1992,199,680.8732347660128,13.032986,0.27,83.14603542673107,1.1315083199141172,0.030273752012882446
48,5,1.2,8,0,2000,2000,184,719.3340345087605,12.514786,0.27,81.33029092860977,0.8214707461084273,0.08158883521202362
48,5,1.2,8,0,1997,1997,143,738.362020312967,13.01091,0.26,79.40629092860976,0.5363392377885132,0.23381642512077294
48,5,1.2,8,0,1992,1992,156,770.5925245421472,12.543871,0.27,78.65790445517982,0.6853462157809984,0.3619967793880837
48,5,1.2,8,0,1996,1996,139,808.2516108954347,15.348178,0.27,80.70442512077295,1.114975845410628,0.24541062801932367
48,5,1.2,8,0,2000,2000,124,843.9646880109117,17.54785,0.27,82.72134406870639,1.435534084809447,0.10241545893719807
48,5,1.2,8,0,1988,1988,121,863.447159854181,16.532196,0.28,84.75089855072464,2.0403650026838434,0.0012882447665056361
48,5,1.2,8,0,1992,1992,104,828.7251364116992,16.663479,0.28,85.04620289855073,2.8365002683843263,0.0008588298443370907
48,5,1.2,8,0,1989,1989,112,806.2780165216459,17.678762,0.28,87.6365152979066,4.001073537305421,0.00021470746108427267
48,5,1.2,8,0,1988,1988,108,807.8357712987253,14.609628,0.29,90.23951261406334,4.988298443370907,0.0034353193773483627
48,5,1.2,8,0,1993,1993,120,780.9038541561297,13.897409,0.29,90.0420998389694,4.805797101449275,0.0
48,5,1.2,8,0,1976,1976,96,748.2444508459582,12.536617,0.29,89.65638003220612,4.327214170692431,0.008373590982286634
48,5,1.2,8,0,1997,1997,108,747.1600808573364,14.092365,0.29,91.64677616747181,4.489318303811057,0.00021470746108427267
48,5,1.2,8,0,1986,1986,141,760.2623002296768,12.040633,0.3,93.62840794417606,4.219431025228126,0.0021470746108427268
48,5,1.2,8,0,1978,1978,146,734.6517551227408,13.358104,0.3,95.81575523349436,3.3938808373590987,0.0015029522275899088
48,5,1.2,8,0,1985,1985,150,705.9115646054646,13.825645,0.29,94.71932796564681,2.4021470746108426,0.017391304347826087
48,5,1.2,8,0,1972,1972,162,669.3002176919802,14.286384,0.28,92.47063875469672,1.6538915727321524,0.057971014492753624
48,5,1.2,8,0,1963,1963,174,609.7019675212081,11.447283,0.28,89.63147611379496,1.3554482018250134,0.02855609232420827
48,5,1.2,8,0,1972,1972,196,560.4252365292373,11.69966,0.28,86.45735480407944,1.2169618894256575,0.05689747718733226
48,5,1.2,8,0,1972,1972,170,515.1692172857646,9.261853,0.28,85.11107461084272,1.320450885668277,0.08158883521202362
48,5,1.2,8,0,1971,1971,256,497.56724819770596,8.356918,0.29,87.76934192163178,1.632420826623725,0.034782608695652174
48,5,1.2,8,0,1970,1970,284,479.4736722454719,7.7535515,0.29,89.89219108964036,1.8731078904991947,0.051529790660225436
48,5,1.2,8,0,1965,1965,295,476.4074850940525,9.245497,0.3,91.5686913580247,2.0837359098228663,0.09232420826623725
48,5,1.2,8,0,1969,1969,266,462.30458863104514,9.932736,0.29,89.02870209339774,1.1154052603327964,0.1294685990338164
48,5,1.2,8,0,1969,1969,308,460.38450648788887,8.88131,0.3,90.03249168008588,1.34170692431562,0.2269457863660762
48,5,1.2,8,0,1973,1973,271,452.1030807686527,8.064597,0.3,90.10259796027913,1.419645732689211,0.374020397208803
48,5,1.2,8,0,1979,1979,319,442.1553641163627,9.208502,0.31,89.93196779388084,1.4357487922705314,0.6065485775630703
48,5,1.2,8,0,1984,1984,319,437.09978097057336,8.783358,0.31,89.82761567364466,1.2665593129361246,0.9279656468062265
48,5,1.2,8,0,1984,1984,280,432.0463381429348,8.119216,0.31,90.1722962962963,1.2294149221685453,1.182608695652174
48,5,1.2,8,0,1996,1996,343,425.9797371440163,8.374788,0.3,90.45114546430489,1.262265163714439,1.110252281266774
48,5,1.2,8,0,1979,1979,334,423.8646588197647,9.462321,0.3,89.9851486849168,1.1774557165861514,0.45496511003757384
48,5,1.2,8,0,1988,1988,263,419.23267157974954,10.649674,0.3,90.02795705850778,1.277938808373591,0.2720343531937735
48,5,1.2,8,0,1990,1990,251,407.538319474906,10.53717,0.3,89.21274074074074,1.3902308105206655,0.3014492753623188
48,5,1.2,8,0,1976,1976,234,400.7299598963802,9.325222,0.3,89.14430703166936,1.5130434782608697,0.3106816961889426
48,5,1.2,8,0,1988,1988,285,407.42579985484485,9.953438,0.3,91.71314439076758,1.784219001610306,0.2993022007514761
48,5,1.2,8,0,2000,2000,275,407.6712100031365,10.782915,0.3,92.23472678475576,1.4170692431561998,0.36736446591519056
48,5,1.2,8,0,1992,1992,234,409.45741219839175,10.644968,0.29,92.13980461621041,1.0735373054213635,0.4764358561460011
48,5,1.2,8,0,1985,1985,255,403.9382808050898,11.933823,0.29,91.54198819108964,0.9210950080515299,0.17885131508319915
48,5,1.2,8,0,1986,1986,247,390.50503108884044,11.457308,0.29,91.23007407407407,0.9032742887815353,0.05260332796564681
48,5,1.2,8,0,1990,1990,261,409.1173283251062,11.151843,0.29,93.60911862587226,0.9831454643048847,0.052388620504562534
48,5,1.2,8,0,1977,1977,209,422.76062035388236,10.277762,0.3,93.04619645732689,1.134728931830381,0.08996242619431025
48,5,1.2,8,0,1984,1984,270,419.14949138428284,9.946021,0.3,89.77500590445518,1.135587761674718,0.2898550724637681
48,5,1.2,8,0,1980,1980,238,417.21854780482363,9.528545,0.3,88.52846591519055,1.2553945249597422,0.39033816425120776
48,5,1.2,8,0,1977,1977,279,423.38107860066293,8.646273,0.3,88.00301878690284,1.3116478797638218,0.5676865271068169
48,5,1.2,8,0,1976,1976,231,436.5853767328266,8.273254,0.3,88.29243800322061,1.337842190016103,0.8528180354267312
48,5,1.2,8,0,1976,1976,216,449.57160936442165,8.003943,0.29,88.67640150295223,1.4076221148684918,1.0911433172302738
48,5,1.2,8,0,1967,1967,265,447.3905634493106,9.276702,0.29,86.87569726247987,1.5332259796027912,2.3924852388620503
48,5,1.2,8,0,1954,1954,252,444.8260984827466,8.99706,0.29,86.40992807300054,1.135587761674718,1.6957595276435855
48,5,1.2,8,0,1969,1969,229,468.24339767250416,9.423042,0.3,89.87156843800322,1.422007514761138,1.1634997316156737
48,5,1.2,8,0,1967,1967,225,505.6083880263721,10.384613,0.31,95.46061191626409,1.9757380568974772,0.7677938808373591
48,5,1.2,8,0,1972,1972,234,535.7247666174914,9.786919,0.32,98.32027053140096,1.8827697262479872,0.36414385399892646
48,5,1.2,8,0,1979,1979,246,535.5744762167184,10.136886,0.31,95.84850456253355,1.31808910359635,0.27847557702630166
48,5,1.2,8,0,1983,1983,213,525.1960237947683,10.126953,0.3,91.6376833064949,1.0930756843800322,0.4130971551261406
48,5,1.2,8,0,1993,1993,223,525.1765984263707,10.743562,0.29,89.17438969404186,1.073966720343532,0.35512614063338704
48,5,1.2,8,0,1989,1989,221,527.1436569857619,10.728638,0.29,88.17172517444982,1.1190552871712292,0.22737520128824476
48,5,1.2,8,0,1986,1986,200,528.1064558668627,12.036042,0.29,88.43338271604938,1.2867418142780462,0.3473966720343532
48,5,1.2,8,0,1986,1986,178,536.0923004577303,12.891458,0.29,88.92562962962963,1.4529253891572733,0.0392914653784219
48,5,1.2,8,0,1990,1990,193,514.3740107110835,11.101401,0.28,88.07590767579174,1.656682769726248,0.5052066559312937
48,5,1.2,8,0,1981,1981,194,518.6653517393937,11.067452,0.29,88.27432742887815,1.8110574342458399,0.5676865271068169
48,5,1.2,8,0,1985,1985,209,509.0194477071842,11.604124,0.29,88.92692002147075,1.9570585077831455,0.27847557702630166
48,5,1.2,8,0,1976,1976,174,502.9593814429991,10.298799,0.29,88.86723778851315,1.9806763285024156,0.10456253354804079
48,5,1.2,8,0,1976,1976,223,495.19292776914847,9.777562,0.29,89.34092538915728,1.932367149758454,0.18121309715512615
48,5,1.2,8,0,1976,1976,259,464.6344577412972,8.890805,0.3,90.14898336017177,2.096833064949007,0.3916264090177134
48,5,1.2,8,0,1981,1981,260,460.561592529061,9.085959,0.3,91.87918411164787,2.245410628019324,0.6065485775630703
48,5,1.2,8,0,1979,1979,245,462.47100716240806,11.364786,0.3,93.34077938808373,2.4128824476650563,0.3437466451959205
48,5,1.2,8,0,1972,1972,281,458.838692932431,10.675837,0.3,94.42575630703168,2.2879227053140094,0.023403113258185722
48,5,1.2,8,0,1981,1981,285,437.7680858652639,11.2879,0.29,94.1808115942029,2.120236178207193,0.005797101449275362
48,5,1.2,8,0,1968,1968,233,427.05765872617167,11.446052,0.29,92.69343853998926,2.0450885668276975,0.005797101449275362
48,5,1.2,8,0,1980,1980,306,419.4999681351261,11.166233,0.28,91.69352227589908,1.9828234031132583,0.0034353193773483627
48,5,1.2,8,0,1970,1970,318,412.1575512282655,10.715775,0.28,90.94073859366613,1.7114331723027374,0.00880300590445518
48,5,1.2,8,0,1977,1977,303,394.4666078923718,10.739306,0.28,89.86440150295223,1.5832528180354268,0.010520665593129362
48,5,1.2,8,0,1974,1974,231,397.7975842010806,11.282648,0.28,88.48105206655931,1.2208266237251746,0.015673644659151907
48,5,1.2,8,0,1966,1966,222,400.15592172118164,10.938872,0.28,87.7749114331723,1.0127750939345144,0.012238325281803544
48,5,1.2,8,0,1975,1975,223,407.0904671220977,11.68372,0.28,87.40709393451422,0.9614600107353731,0.017820719269994633
48,5,1.2,8,0,1977,1977,250,421.95083193784893,12.44267,0.28,87.39057219538378,0.860547504025765,0.016103059581320453
48,5,1.2,8,0,1975,1975,235,439.0294814814399,11.940028,0.29,86.85306065485776,0.6812667740203973,0.021256038647342997
48,5,1.2,8,0,1962,1962,250,459.09804730782827,12.013813,0.29,86.07748792270532,0.5279656468062265,0.01524422973698336
48,5,1.2,8,0,1973,1973,312,468.70203822836504,10.886269,0.3,84.8334256575416,0.41846484165324743,0.011808910359634998
48,5,1.2,8,0,1966,1966,364,474.6576412570655,11.402002,0.29,83.2096231884058,0.32184648416532474,0.012882447665056359
48,5,1.2,8,0,1967,1967,370,479.66491647035446,12.728114,0.29,81.3311497584541,0.3600644122383253,0.011379495437466452
48,5,1.2,8,0,1985,1985,410,482.0187580026491,13.7117,0.29,79.74073215244229,0.5195920558239399,0.014170692431561997
48,5,1.2,8,0,1995,1995,320,479.8953682623257,13.933935,0.28,76.8974857756307,0.6086956521739131,0.008373590982286634
48,5,1.2,8,0,2000,2000,307,484.6514421467011,14.014359,0.27,73.7772474503489,2.1919484702093395,0.0049382716049382715
48,5,1.2,8,0,1997,1997,287,513.0167363813102,12.855566,0.27,73.65709715512614,5.277079978529254,0.004508856682769726
48,5,1.2,8,0,1994,1994,297,576.9325873048147,12.288348,0.27,76.8041975308642,7.268276972624799,0.0015029522275899088
48,5,1.2,8,0,2000,2000,357,664.9404631895422,10.672681,0.28,80.73549114331723,7.37133655394525,0.0008588298443370907
48,5,1.2,8,0,2000,2000,400,724.5923659626603,11.936307,0.28,84.22646269457864,7.4252281266774025,0.00021470746108427267
48,5,1.2,8,0,1998,1998,269,787.7470236411589,13.509505,0.29,87.82950939345142,7.519699409554483,0.00021470746108427267
48,5,1.2,8,0,1988,1988,324,806.0860703975357,15.281917,0.29,86.83606441223833,7.578314546430488,0.0
48,5,1.2,8,0,1987,1987,355,833.9848417543384,15.475386,0.29,87.55485775630703,7.933655394524959,0.0021470746108427268
48,5,1.2,8,0,1992,1992,294,855.5154476998036,14.389708,0.3,90.01964787976382,8.434567901234567,0.0027911969940955447
48,5,1.2,8,0,1988,1988,292,901.2634649046778,14.399697,0.3,91.64214063338702,8.34825550187869,0.0051529790660225444
48,5,1.2,8,0,1998,1998,283,948.3759974992105,15.604738,0.3,89.32810520665593,8.03370907139023,0.036929683306494904
48,5,1.2,8,0,2000,2000,308,995.9084118854535,15.81095,0.31,92.37058507783145,8.59753086419753,0.03671497584541063
48,5,1.2,8,0,1992,1992,290,1024.5649895823133,15.369011,0.31,95.09672571121847,9.48684916800859,0.0558239398819109
48,5,1.2,8,0,1996,1996,291,1033.5574866329207,15.82833,0.32,95.78925818572195,10.232742887815352,0.06269457863660763
48,5,1.2,8,0,2000,2000,261,1044.623795657269,16.58743,0.32,96.93531078904992,10.696081588835211,0.057971014492753624
48,5,1.2,8,0,2000,2000,245,1045.5615805270315,18.051905,0.32,95.95404401502952,10.65829307568438,0.20933977455716585
48,5,1.2,8,0,1994,1994,218,1038.3516929837735,18.234211,0.32,94.14591733762748,10.374020397208803,0.24090177133655397
48,5,1.2,8,0,2000,2000,223,1013.9180725135719,17.194519,0.32,93.21774127750939,10.388835212023617,0.30080515297906607
48,5,1.2,8,0,2000,2000,226,1008.3399091662557,15.285342,0.31,90.66062479871175,9.881481481481481,0.4556092324208266
48,5,1.2,8,0,1997,1997,250,996.9667658805806,14.616036,0.31,88.65706494900698,9.572088030059046,0.3525496511003757
48,5,1.2,8,0,2000,2000,260,976.6791287807353,15.015897,0.31,87.31454643048846,9.779066022544283,0.1588835212023618
48,5,1.2,8,0,2000,2000,262,977.9159660548495,13.741405,0.31,88.1340568974772,10.27289318303811,0.07579173376274825
48,5,1.2,8,0,2000,2000,246,1010.981035291367,14.153184,0.32,90.42976060118089,11.00848094471283,0.07385936661298981
48,5,1.2,8,0,2000,2000,257,1033.9207319493933,13.519642,0.32,93.43883628556092,11.714439076757916,0.03285024154589372
48,5,1.2,8,0,2000,2000,257,1066.4793290857028,12.309637,0.33,95.87815566290928,12.223725174449813,0.0274825550187869
48,5,1.2,8,0,2000,2000,216,1117.264483513315,12.527467,0.33,97.6486333870102,12.525174449812132,0.028341384863123993
48,5,1.2,8,0,2000,2000,218,1142.3145137193012,11.6547785,0.33,99.27234782608696,12.715834675254964,0.034782608695652174
48,5,1.2,8,0,2000,2000,211,1181.3043541975674,11.949292,0.33,101.2213268921095,13.037895866881374,0.05754159957058508
48,5,1.2,8,0,2000,2000,198,1222.8846588007393,12.955694,0.34,103.07456790123457,13.342565754159958,0.1187332259796028
48,5,1.2,8,0,2000,2000,151,1271.9202310164742,12.971406,0.34,105.11607085346216,13.516693505099303,0.2106280193236715
48,5,1.2,8,0,2000,2000,152,1305.971925503814,14.701149,0.34,106.65866666666666,13.475684380032208,0.2451959205582394
48,5,1.2,8,0,2000,2000,149,1376.9795971114913,15.787899,0.34,112.68409232420827,13.87139023081052,0.08695652173913043
48,5,1.2,8,0,2000,2000,173,1398.7305709691243,16.049076,0.34,115.44800429414923,13.469672571121846,0.026623725174449813
48,5,1.2,8,0,2000,2000,150,1369.326196425173,14.279025,0.34,116.6258636607622,13.287171229200215,0.0
48,5,1.2,8,0,2000,2000,161,1320.3611411368495,13.271323,0.34,118.13135802469135,13.554482018250132,0.00021470746108427267
48,5,1.2,8,0,2000,2000,146,1238.279013667387,14.27511,0.35,119.37055716586151,14.555877616747182,0.0006441223832528181
48,5,1.2,8,0,2000,2000,143,1174.0656867751945,16.73925,0.35,119.09528073000537,16.10048309178744,0.0006441223832528181
48,5,1.2,8,0,1993,1993,194,1094.591710940025,17.769419,0.35,116.95067096081588,16.567471819645732,0.0030059044551798177
48,5,1.2,8,0,1993,1993,166,1006.4761928981575,16.363205,0.35,110.68428770799785,14.469565217391303,0.006011808910359635
48,5,1.2,8,0,1982,1982,185,902.7623397165021,16.882944,0.33,99.28051744498121,11.04777241009125,0.017391304347826087
48,5,1.2,8,0,1987,1987,205,799.1460158201667,18.189638,0.31,87.32929898013955,7.738056897477187,0.04594739667203435
48,5,1.2,8,0,1988,1988,210,716.8772965950774,18.19926,0.29,77.07071819645732,6.643478260869565,0.06162104133118625
48,5,1.2,8,0,1987,1987,182,717.6167854096934,14.967092,0.28,73.38214278046162,6.82061191626409,0.012238325281803544
48,5,1.2,8,0,1993,1993,171,791.4371439868643,14.329989,0.29,78.51661406333871,7.8765432098765435,0.0053676865271068165
48,5,1.2,8,0,1999,1999,195,885.2170379182297,13.999513,0.29,85.83994632313473,8.194310252281268,0.0012882447665056361
48,5,1.2,8,0,2000,2000,218,936.3294690835423,14.577701,0.3,88.38885453569512,8.38690284487386,0.00021470746108427267
48,5,1.2,8,0,2000,2000,234,969.7120967081357,14.609923,0.31,90.83171443907676,8.798067632850241,0.006655931293612453
48,5,1.2,8,0,1991,1991,218,1042.003016026611,15.147526,0.31,96.55251529790661,9.603435319377349,0.022973698336017177
48,5,1.2,8,0,2000,2000,258,1091.0194779773406,14.1005535,0.32,102.86349329039184,10.520880300590447,0.0006441223832528181
48,5,1.2,8,0,2000,2000,213,1154.18758015873,13.854383,0.33,105.73856360708534,11.21803542673108,0.0012882447665056361
48,5,1.2,8,0,2000,2000,174,1202.7879407312905,15.202519,0.34,111.50469994632313,12.081374127750939,0.0
48,5,1.2,8,0,2000,2000,213,1212.9005965553754,16.259674,0.34,114.78501986044014,12.916371443907677,0.0010735373054213634
48,5,1.2,8,0,2000,2000,191,1194.225311388737,15.169887,0.34,116.08095330112721,14.005582393988192,0.007085346215780998
48,5,1.2,8,0,2000,2000,180,1160.736162954831,16.368698,0.35,117.39553408480944,15.513472893183039,0.022114868491680085
48,5,1.2,8,0,2000,2000,177,1112.457896909878,16.275623,0.35,117.51897799248523,16.794632313472892,0.008588298443370907
48,5,1.2,8,0,1994,1994,187,1075.7886820864194,16.272743,0.35,117.36292431561996,16.78947933440687,0.026194310252281267
48,5,1.2,8,0,1995,1995,183,973.111490105968,15.873915,0.34,110.46424906065486,12.356414385399892,0.09468599033816424
48,5,1.2,8,0,1973,1973,185,844.5229466786453,15.437469,0.32,99.22483950617284,4.4148148148148145,0.2726784755770263
48,5,1.2,8,0,1973,1973,188,749.0231946684598,15.347811,0.31,90.18959527643585,1.425228126677402,0.48201825013419214
48,5,1.2,8,0,1965,1965,197,683.7751572757554,13.163468,0.29,82.22049812130972,0.7553408480944713,0.5928073000536769
48,5,1.2,8,0,1982,1982,238,654.918819651668,12.541256,0.28,76.05428663446055,0.7115405260332797,0.4302737520128825
48,5,1.2,8,0,1985,1985,254,681.0365082777496,14.055241,0.27,74.7772281266774,3.0507783145464304,0.04745034889962426
48,5,1.2,8,0,1976,1976,268,685.8173042933183,13.297941,0.27,75.76364787976382,6.700375738056898,0.012238325281803544
48,5,1.2,8,0,1972,1972,299,724.7562875668189,15.336912,0.28,79.30378958668814,8.107997852925388,0.0032206119162640897
48,5,1.2,8,0,1994,1994,318,835.3822316519479,16.74949,0.29,83.99330971551261,8.810091250670961,0.0025764895330112722
48,5,1.2,8,0,1993,1993,276,898.4312806303894,16.3265,0.29,86.25831025228126,9.022222222222222,0.003864734299516908
48,5,1.2,8,0,1997,1997,303,911.7159101896826,14.592006,0.29,88.45275147611379,9.104240472356414,0.00730005367686527
48,5,1.2,8,0,1990,1990,300,956.3484265552262,16.2809,0.3,91.98892753623188,9.144605475040258,0.007944176060118088
48,5,1.2,8,0,2000,2000,304,1004.2187431247614,17.855156,0.3,92.06618572195384,9.33762748255502,0.4470209339774557
48,5,1.2,8,0,1998,1998,311,995.1353287080573,14.082971,0.31,94.23887707997854,9.732259796027911,0.37638217928073
48,5,1.2,8,0,1999,1999,303,963.906909026955,11.834156,0.3,90.7024949006978,9.109178743961351,0.7319377348362855
48,5,1.2,8,0,1997,1997,325,934.1375075705284,12.377454,0.3,88.94376596886742,9.376274825550187,1.1327965646806226
48,5,1.2,8,0,2000,2000,382,919.2625000950516,13.238763,0.31,90.31718303811057,10.259151905528716,0.7308641975308642
48,5,1.2,8,0,1997,1997,405,923.0931066572277,13.547028,0.31,93.05022436929683,11.14417606011809,0.31862587224906064
48,5,1.2,8,0,1996,1996,399,921.2811393404746,13.578437,0.32,96.83020504562533,12.107783145464305,0.038003220611916265
48,5,1.2,8,0,1986,1986,384,911.9073824038416,12.566216,0.32,102.0589500805153,13.048631239935588,0.0053676865271068165
48,5,1.2,8,0,2000,2000,387,887.634466576831,13.058554,0.33,103.7546129898014,13.238862050456254,0.011379495437466452
48,5,1.2,8,0,1986,1986,382,870.7390055273816,12.361101,0.33,104.48337734836285,12.971765968867418,0.020182501341921632
48,5,1.2,8,0,1988,1988,333,826.3035489071427,11.157532,0.34,104.68929898013955,12.570692431561998,0.03199141170155663
48,5,1.2,8,0,1998,1998,330,831.1185871270329,12.103557,0.34,105.75385721953838,12.34868491680086,0.03628556092324208
48,5,1.2,8,0,1994,1994,291,823.8793216883013,11.607028,0.34,106.50081803542673,12.266237251744498,0.022544283413848634
48,5,1.2,8,0,1985,1985,304,797.462842412752,12.710125,0.34,105.1599806763285,12.431991411701556,0.03327965646806226
48,5,1.2,8,0,1978,1978,282,782.9589963283365,12.282992,0.35,105.85911969940956,13.157273215244231,0.04938271604938272
48,5,1.2,8,0,1981,1981,304,783.1924056071999,12.104463,0.35,107.99089425657542,14.06484165324745,0.07321524422973699
48,5,1.2,8,0,1977,1977,316,771.002727267526,13.83156,0.35,111.04577348362855,15.184326355340849,0.14020397208803007
48,5,1.2,8,0,1971,1971,263,749.3194825317798,11.789891,0.35,113.9219409554482,15.016425120772947,0.28169618894256576
48,5,1.2,8,0,1984,1984,242,719.6563922040334,10.644042,0.35,113.42359205582395,10.885882984433708,0.4738593666129898
48,5,1.2,8,0,1983,1983,260,668.1785008368532,9.910035,0.33,104.76165754159958,4.051529790660226,0.885882984433709
48,5,1.2,8,0,1984,1984,246,602.5798060013279,12.476281,0.31,96.04343102522813,0.5833601717659689,0.9979602791196994
48,5,1.2,8,0,1980,1980,264,565.4630687420059,14.043204,0.3,91.8768115942029,0.2789049919484702,0.48760064412238324
48,5,1.2,8,0,1982,1982,296,551.4283982384262,12.560431,0.29,88.46207192699946,0.2269457863660762,0.3899087493290392
48,5,1.2,8,0,1992,1992,319,561.7195507159548,12.277917,0.29,86.39750939345143,0.2660225442834138,0.24304884594739667
48,5,1.2,8,0,1993,1993,326,578.2343447566623,13.722083,0.29,85.73299194847021,0.45496511003757384,0.06612989801395598
48,5,1.2,8,0,2000,2000,321,559.8668099422622,14.505256,0.28,82.53517337627483,0.6685990338164252,0.012238325281803544
48,5,1.2,8,0,2000,2000,304,549.2949125509464,12.677227,0.28,81.16451959205583,0.9384863123993559,0.03327965646806226
48,5,1.2,8,0,2000,2000,382,572.5862327094706,10.891949,0.3,85.56616639828233,2.044015029522276,0.015888352120236177
48,5,1.2,8,0,2000,2000,368,589.2083119667417,10.168953,0.32,90.27499516908213,4.230810520665593,0.0025764895330112722
48,5,1.2,8,0,2000,2000,365,593.6754387953379,10.523393,0.32,93.75870531400966,6.057326892109501,0.0017176596886741813
48,5,1.2,8,0,2000,2000,348,623.2412481911924,12.243392,0.33,98.5658808373591,7.353730542136338,0.00042941492216854533
48,5,1.2,8,0,2000,2000,327,646.0100406642055,13.916999,0.33,102.31967793880837,7.974020397208803,0.00021470746108427267
48,5,1.2,8,0,2000,2000,302,658.4571312376017,14.665957,0.34,104.92164465915191,6.876221148684916,0.0010735373054213634
48,5,1.2,8,0,1998,1998,326,647.2857992340439,14.559353,0.33,104.45106602254428,4.430488459473967,0.00042941492216854533
48,5,1.2,8,0,2000,2000,310,622.6619634623911,14.157206,0.32,100.03825872249061,2.8946859903381643,0.017176596886741814
48,5,1.2,8,0,2000,2000,300,606.4092538800479,14.312706,0.32,96.42183360171767,2.0152442297369833,0.04594739667203435
48,5,1.2,8,0,2000,2000,297,583.7253774111778,14.343748,0.31,92.58156951154052,1.403327965646806,0.07085346215780998
48,5,1.2,8,0,2000,2000,328,569.7269627060008,14.297945,0.3,88.63685882984434,1.0883521202361781,0.09060654857756308
48,5,1.2,8,0,2000,2000,313,569.7316286386149,15.139147,0.29,85.4556435856146,1.1349436392914654,0.0581857219538379
48,5,1.2,8,0,2000,2000,301,576.9571204864582,15.103162,0.29,82.45553837895866,1.3668276972624798,0.050026838432635536
48,5,1.2,8,0,2000,2000,295,594.7087170347552,13.749666,0.28,79.93917981749865,1.7335480407944175,0.032206119162640906
48,5,1.2,8,0,2000,2000,325,637.6114276184949,11.348456,0.28,79.21095652173913,2.2192163177670423,0.0010735373054213634
48,5,1.2,8,0,1999,1999,337,665.0095256355002,10.290287,0.27,78.02295222758991,2.975630703166935,0.00042941492216854533
48,5,1.2,8,0,1997,1997,327,718.3657946149498,12.032414,0.29,82.01846484165324,4.976060118089103,0.0
48,5,1.2,8,0,1995,1995,355,797.1711539820667,11.543398,0.3,88.55384433709071,8.310681696188944,0.0
48,5,1.2,8,0,1993,1993,363,840.4015599699363,9.560134,0.31,95.16363070316693,9.9317230273752,0.0
48,5,1.2,8,0,1995,1995,347,872.7806906360679,10.343597,0.32,98.38499194847022,10.532903918411165,0.00021470746108427267
48,5,1.2,8,0,1994,1994,356,876.1238505490672,11.053333,0.32,100.33123564143854,11.096725711218465,0.0
48,5,1.2,8,0,2000,2000,300,873.8605456627093,10.476884,0.33,101.17312292002147,12.107139023081052,0.0012882447665056361
48,5,1.2,8,0,1994,1994,312,879.101151114368,11.320641,0.34,104.40065485775631,13.404186795491144,0.0034353193773483627
48,5,1.2,8,0,1989,1989,247,842.6388448319506,11.213638,0.35,105.94224584004294,13.334406870638754,0.007085346215780998
48,5,1.2,8,0,1977,1977,274,779.0666315561767,11.767364,0.34,104.80759849704778,11.860010735373054,0.009447128287707997
48,5,1.2,8,0,1978,1978,278,721.4445287725734,9.468091,0.34,101.23989694041867,10.468062265163715,0.02855609232420827
48,5,1.2,8,0,1980,1980,272,680.6829423805548,9.4653015,0.33,96.57489425657542,9.722383252818036,0.053247450348899626
48,5,1.2,8,0,1976,1976,282,626.8887750819442,9.788412,0.33,91.97557273215244,8.297155126140634,0.0753623188405797
48,5,1.2,8,0,1970,1970,311,598.280774852531,10.388609,0.32,88.52421041331186,6.808588298443372,0.09533011272141706
48,5,1.2,8,0,1968,1968,354,588.8783218797172,11.099096,0.32,86.26582930756844,6.367579173376275,0.08609769189479334
48,5,1.2,8,0,1965,1965,306,587.1108255514556,11.38751,0.31,84.71989049919485,6.449168008588299,0.036929683306494904
48,5,1.2,8,0,1969,1969,310,583.6195895861281,11.270694,0.31,83.76427267847558,6.3420289855072465,0.007085346215780998
48,5,1.2,8,0,1963,1963,288,581.0546875037826,11.420113,0.3,81.20314546430488,5.647879763821793,0.01460010735373054
48,5,1.2,8,0,1974,1974,296,589.196126574089,14.839113,0.29,77.99574449812131,4.877509393451422,0.009447128287707997
48,5,1.2,8,0,1980,1980,345,586.6060205796742,14.644983,0.26,72.2469500805153,3.2740740740740746,0.00880300590445518
48,5,1.2,8,0,1974,1974,393,630.88523047244,15.698562,0.24,69.32631025228126,3.173805689747719,0.01438539989264627
48,5,1.2,8,0,2000,2000,359,682.3381851846249,17.069798,0.23,70.1107117552335,3.2152442297369834,0.009232420826623726
48,5,1.2,8,0,2000,2000,380,782.0887976580914,14.754655,0.23,74.15696833064949,3.278368223295759,0.0015029522275899088
48,5,1.2,8,0,2000,2000,387,918.2060595906852,13.935181,0.23,80.53401180891036,3.574664519592056,0.00042941492216854533
48,5,1.2,8,0,1995,1995,405,1000.7134945830159,11.816054,0.23,84.18833279656468,3.7172302737520124,0.0023617820719269993
48,5,1.2,8,0,1999,1999,423,1045.0753771103753,12.254144,0.24,86.98430273752012,4.039720880300591,0.00021470746108427267
48,5,1.2,8,0,2000,2000,428,1103.2956049547013,11.540128,0.25,87.28813526570049,4.3480407944176065,0.011164787976382179
48,5,1.2,8,0,1998,1998,412,1165.8055256126077,12.13715,0.26,90.74044659151906,4.877294685990338,0.004079441760601181
48,5,1.2,8,0,2000,2000,432,1171.1323956674687,12.369864,0.26,92.28597530864198,5.4192163177670425,0.006226516371443907
48,5,1.2,8,0,1991,1991,435,1138.2426223189432,12.226102,0.27,93.1831884057971,6.089747718733226,0.006655931293612453
48,5,1.2,8,0,1990,1990,449,1102.3708955045984,12.081416,0.28,95.33008051529791,6.917659688674181,0.013311862587224907
48,5,1.2,8,0,1996,1996,438,1064.5538241625368,11.91105,0.28,92.35777348362856,6.3508319914117015,0.041223832528180356
48,5,1.2,8,0,1993,1993,497,1022.9625180646751,13.194227,0.27,90.32730005367686,5.99549114331723,0.03864734299516908
48,5,1.2,8,0,1985,1985,507,986.0862441652831,14.095254,0.28,90.89775845410628,6.553945249597423,0.013526570048309178
48,5,1.2,8,0,1984,1984,450,967.9173338266005,16.18001,0.29,92.32577563070316,7.344068706387547,0.007944176060118088
48,5,1.2,8,0,1988,1988,494,966.333500666394,17.321749,0.3,95.41645088566828,8.568545356951155,0.009876543209876543
48,5,1.2,8,0,1981,1981,400,942.9581376456916,16.587368,0.31,98.22185077831455,9.782071926999464,0.019538378958668813
48,5,1.2,8,0,1985,1985,383,923.3072344421466,13.388431,0.32,99.86592592592592,10.80450885668277,0.023617820719269995
48,5,1.2,8,0,1978,1978,382,883.4449255607805,12.700135,0.33,99.93878690284487,11.087278582930757,0.053462157809983896
48,5,1.2,8,0,1978,1978,378,839.6970989131229,11.387021,0.33,98.74387761674718,11.305636070853463,0.04766505636070853
48,5,1.2,8,0,1986,1986,367,804.2144114201964,11.133582,0.33,97.14426194310252,11.490069779924852,0.07922705314009662
48,5,1.2,8,0,1979,1979,391,779.7950456343206,11.976732,0.33,95.9486741814278,12.231884057971014,0.1444981213097155
48,5,1.2,8,0,1983,1983,328,758.1715318961301,10.440237,0.34,96.97052925389157,13.646376811594202,0.11143317230273753
48,5,1.2,8,0,1986,1986,298,747.3391169305291,10.923774,0.34,97.34281696188943,14.531830381105742,0.043585614600107354
48,5,1.2,8,0,1984,1984,308,711.269276001098,10.393597,0.34,95.85168008588299,15.108534621578098,0.07321524422973699
48,5,1.2,8,0,1978,1978,277,676.1508802839072,9.854752,0.34,94.99651744498121,15.20150295222759,0.12109500805152978
48,5,1.2,8,0,1977,1977,300,651.8067071268457,10.271017,0.34,93.51813204508856,14.787117552334944,0.1758454106280193
48,5,1.2,8,0,1967,1967,281,619.8785529169865,11.149971,0.34,91.7868105206656,14.379173376274826,0.10885668276972625
48,5,1.2,8,0,1959,1959,328,589.2951355297963,13.526478,0.34,87.93078260869565,14.086527106816963,0.07815351583467525
48,5,1.2,8,0,1964,1964,225,561.0516773708605,12.666723,0.34,86.96916371443908,14.263660762211487,0.027697262479871174
48,5,1.2,8,0,1960,1960,268,532.6384821175988,9.6477785,0.34,85.98734728931831,14.448953301127215,0.009447128287707997
48,5,1.2,8,0,1956,1956,260,514.3417356387544,9.478671,0.34,84.32838432635535,14.720772946859903,0.030917874396135265
48,5,1.2,8,0,1950,1950,256,506.92222194823574,10.491097,0.34,83.93754374664519,14.783252818035427,0.07686527106816962
48,5,1.2,8,0,1953,1953,228,500.46183121918625,11.416488,0.34,84.0802383252818,14.716478797638219,0.13998926462694578
48,5,1.2,8,0,1946,1946,271,505.6876320691628,12.188802,0.34,83.90111862587224,14.266881374127752,0.1958132045088567
48,5,1.2,8,0,1943,1943,260,493.3064417059344,8.9017935,0.34,83.18053676865271,14.227375201288245,0.23553408480944715
48,5,1.2,8,0,1943,1943,323,488.79646264267535,7.6911507,0.34,81.88001073537305,14.153945249597424,0.16253354804079442
48,5,1.2,8,0,1939,1939,371,482.9318328233034,7.290508,0.34,81.94245840042942,14.361567364465916,0.10456253354804079
48,5,1.2,8,0,1936,1936,442,487.2449775238858,6.504743,0.34,84.22785399892646,15.023725174449812,0.0581857219538379
48,5,1.2,8,0,1952,1952,618,478.4796808048198,7.872733,0.35,84.83587332259796,15.853998926462696,0.014170692431561997
48,5,1.2,8,0,1950,1950,634,466.7865007782149,7.3740764,0.35,85.36054750402576,16.948362855609233,0.012882447665056359
48,5,1.2,8,0,1948,1948,647,474.49824070458146,7.3438125,0.35,86.2183961352657,18.074718196457326,0.0053676865271068165
48,5,1.2,8,0,1951,1951,655,473.5239544861257,6.534164,0.36,86.84877509393452,19.480622651637145,0.004508856682769726
48,5,1.2,8,0,1951,1951,616,467.34869324397437,6.3243613,0.36,86.60015244229737,19.637359098228664,0.001932367149758454
48,5,1.2,8,0,1952,1952,608,473.70425753282456,5.954089,0.36,85.80748040794417,19.308641975308642,0.001932367149758454
48,5,1.2,8,0,1949,1949,594,474.9457664552426,6.194331,0.36,85.32392914653784,18.931615673644657,0.0006441223832528181
48,5,1.2,8,0,1945,1945,567,484.0248880454054,6.0600348,0.35,85.02002576489534,18.575201288244767,0.0015029522275899088
48,5,1.2,8,0,1949,1949,646,502.9261618639602,5.439222,0.35,85.37972517444982,18.202683843263554,0.0008588298443370907
48,5,1.2,8,0,1953,1953,551,519.8706363700769,5.182923,0.35,85.48366935050993,17.920343531937736,0.00042941492216854533
48,5,1.2,8,0,1949,1949,676,531.6229668879075,5.8949103,0.35,85.10362211486849,17.52463768115942,0.0021470746108427268
48,5,1.2,8,0,1960,1960,671,539.2257612079629,6.731717,0.34,84.85050993022007,17.112828770799783,0.0032206119162640897
48,5,1.2,8,0,1955,1955,677,542.1139675442486,7.739758,0.34,84.66511218464842,16.758990874932906,0.0012882447665056361
48,5,1.2,8,0,1955,1955,673,548.1137258390355,7.661753,0.34,85.04963392377886,16.438003220611915,0.0010735373054213634
48,5,1.2,8,0,1952,1952,658,550.1240383472091,6.991306,0.34,83.94599033816425,15.941384863123995,0.0051529790660225444
48,5,1.2,8,0,1957,1957,671,565.8812805964328,6.7262177,0.33,83.10802576489533,14.926892109500805,0.00042941492216854533
48,5,1.2,8,0,1965,1965,541,597.1701263175233,6.9657025,0.32,82.2367514761138,13.696188942565755,0.0006441223832528181
48,5,1.2,8,0,1962,1962,618,628.7651075865851,7.8027024,0.31,81.62925174449812,12.443585614600106,0.0006441223832528181
48,5,1.2,8,0,1952,1952,664,671.7397586285919,8.338782,0.31,81.99418786902845,11.496725711218465,0.0006441223832528181
48,5,1.2,8,0,1960,1960,753,703.8890205144742,8.337316,0.3,82.65818786902845,10.775093934514224,0.00021470746108427267
48,5,1.2,8,0,1958,1958,665,738.4326773621361,8.607938,0.29,82.89894793344068,9.723027375201289,0.0006441223832528181
48,5,1.2,8,0,1958,1958,695,755.4658295835238,9.142003,0.29,83.00722061191627,8.627589908749329,0.0
48,5,1.2,8,0,1966,1966,713,766.6223858818558,9.103585,0.28,82.59997852925389,7.400966183574879,0.00021470746108427267
48,5,1.2,8,0,1963,1963,639,795.1883123448388,9.217417,0.27,81.34289210950081,5.660118089103596,0.0
48,5,1.2,8,0,1964,1964,672,810.2333291988443,9.189758,0.25,79.9775652173913,3.8447665056360707,0.00021470746108427267
48,5,1.2,8,0,1969,1969,734,837.1791869684488,9.120679,0.24,77.10838432635533,2.0433709071390234,0.0010735373054213634
48,5,1.2,8,0,1969,1969,700,855.3953745190605,9.272777,0.24,81.08831132581857,1.510896403650027,0.0
48,5,1.2,8,0,1968,1968,649,868.0755425031676,9.226465,0.24,81.96578851315083,1.458937198067633,0.0
48,5,1.2,8,0,1976,1976,644,885.6012173910788,8.918871,0.24,83.42939774557166,1.6534621578099837,0.0
48,5,1.2,8,0,1976,1976,768,897.1342612670561,8.563531,0.25,85.21242082662373,1.8737520128824476,0.0
48,5,1.2,8,0,1985,1985,703,903.4468426953173,8.328018,0.25,86.93218250134193,2.0530327428878152,0.0
48,5,1.2,8,0,1982,1982,794,921.3410941522596,8.178289,0.25,88.33232206119163,2.3128287707997854,0.0
48,5,1.2,8,0,1977,1977,780,931.1691650138122,8.002047,0.26,89.41404830917874,2.5155126140633386,0.0
48,5,1.2,8,0,1978,1978,795,952.0677691020009,7.772088,0.27,91.11436392914653,2.830059044551798,0.0
48,5,1.2,8,0,1976,1976,761,954.4529225020736,7.659781,0.26,90.90170692431562,2.9988191089640366,0.0
48,5,1.2,8,0,1974,1974,782,957.6250150829397,7.357321,0.27,90.66194524959742,3.14975845410628,0.0
48,5,1.2,8,0,1969,1969,839,965.6127591976119,7.3317366,0.27,90.24956736446592,3.350295222758991,0.0
48,5,1.2,8,0,1970,1970,732,960.6615458588274,7.110962,0.27,90.03511755233494,3.5319377348362857,0.0
48,5,1.2,8,0,1965,1965,764,956.4206646706549,7.0376973,0.27,89.81711218464842,3.718947933440687,0.0
48,5,1.2,8,0,1970,1970,824,948.0792790206939,6.992679,0.27,89.51896081588835,3.8829844337090713,0.0
48,5,1.2,8,0,1972,1972,772,942.444376698033,7.0339537,0.27,89.55867525496511,4.154374664519592,0.00021470746108427267
48,5,1.2,8,0,1969,1969,799,947.0370312636768,7.315601,0.27,89.24746537842191,4.3306494900697805,0.0
48,5,1.2,8,0,1965,1965,808,956.1208459459028,7.4442124,0.27,87.1149307568438,4.374449812130972,0.00042941492216854533
48,5,1.2,8,0,1971,1971,758,990.1694457840321,7.8782773,0.27,83.90915942028985,4.465485775630703,0.05067096081588835
48,5,1.2,8,0,1976,1976,720,1016.4803754747334,9.349424,0.28,86.64685560923242,4.6125603864734295,0.03972088030059045
48,5,1.2,8,0,1969,1969,702,1041.769324832504,10.5009775,0.28,88.12963607085346,4.769940955448202,0.0392914653784219
48,5,1.2,8,0,1974,1974,794,1046.790283564911,11.031871,0.28,88.78781535158346,4.8223295759527645,0.0416532474503489
48,5,1.2,8,0,1971,1971,772,1064.2671675361578,12.009298,0.28,88.66662587224906,4.692860976918948,0.07171229200214707
48,5,1.2,8,0,1966,1966,789,1079.1983492306679,13.777619,0.28,89.18082877079979,4.509286097691895,0.05754159957058508
48,5,1.2,8,0,1986,1986,739,1090.3270001886679,16.187475,0.28,89.93351798174987,4.439291465378422,0.0549651100375738
48,5,1.2,8,0,1982,1982,689,1096.1710482511237,17.650984,0.28,90.2611680085883,4.2956521739130435,0.07042404723564144
48,5,1.2,8,0,1987,1987,686,1107.3436737271813,19.19571,0.28,90.67486849168009,4.164036500268384,0.0581857219538379
48,5,1.2,8,0,1983,1983,692,1111.8642729874277,19.430128,0.28,90.45633279656468,4.043800322061192,0.05131508319914117
48,5,1.2,8,0,1973,1973,548,1123.791420777106,20.4152,0.28,89.73310144927537,3.9542673107890502,0.04981213097155126
48,5,1.2,8,0,1970,1970,674,1149.6077682798198,20.976274,0.28,89.84002576489533,4.031561996779389,0.044444444444444446
48,5,1.2,8,0,1973,1973,728,1149.4989902246516,15.942715,0.28,90.27750939345142,4.204616210413311,0.03778851315083199
48,5,1.2,8,0,1969,1969,634,1173.8153983318805,9.376382,0.28,90.51632635534085,4.361137949543747,0.0345679012345679
48,5,1.2,8,0,1968,1968,677,1188.435398149056,6.693237,0.28,89.79383360171767,4.387117552334944,0.03821792807300054
48,5,1.2,8,0,1970,1970,728,1184.252478754305,7.2595534,0.28,89.33237359098229,4.514653784219001,0.031561996779388084
48,5,1.2,8,0,1970,1970,623,1184.5265718518106,10.766331,0.28,89.29659688674181,4.6971551261406335,0.0392914653784219
48,5,1.2,8,0,1970,1970,669,1185.7602361026777,14.529203,0.28,89.1182372517445,4.751690821256039,0.03199141170155663
48,5,1.2,8,0,1967,1967,663,1177.1150823983783,16.168034,0.28,89.24217928073,4.863768115942029,0.013097155126140634
48,5,1.2,8,0,1973,1973,533,1184.7593134180881,19.234116,0.28,88.96844229736983,5.003757380568975,0.01825013419216318
48,5,1.2,8,0,1969,1969,602,1185.496897207211,20.682953,0.28,89.80300375738057,5.26033279656468,0.023403113258185722
48,5,1.2,8,0,1970,1970,585,1184.460288407758,20.54706,0.28,89.04832635534085,5.389157273215244,0.01910896403650027
48,5,1.2,8,0,1972,1972,557,1152.4300654612093,21.562836,0.28,90.02650993022007,5.644229736983361,0.0064412238325281795
48,5,1.2,8,0,1980,1980,533,1133.5454739875986,20.129866,0.28,88.60082232957595,5.684165324745035,0.003650026838432635
48,5,1.2,8,0,1975,1975,593,1117.2989724608742,17.812975,0.28,86.8165925925926,5.612238325281804,0.01867954911433172
48,5,1.2,8,0,1977,1977,482,1120.863907876112,18.039448,0.28,86.06711111111112,5.595276435856146,0.016532474503488995
48,5,1.2,8,0,1972,1972,568,1107.0808257551867,16.460766,0.28,85.74075577026302,5.803113258185722,0.020182501341921632
48,5,1.2,8,0,1966,1966,641,1113.3702080196479,14.2568245,0.28,86.77487922705313,6.178207192699946,0.015458937198067632
48,5,1.2,8,0,1971,1971,524,1106.9424777239856,12.290132,0.29,88.22197530864197,6.720128824476651,0.007514761137949544
48,5,1.2,8,0,1979,1979,592,1090.0470100442224,11.389701,0.29,88.30868276972625,7.0930756843800316,0.01438539989264627
48,5,1.2,8,0,1982,1982,527,1070.073702115583,9.72758,0.3,89.20865915190552,7.445195920558239,0.009017713365539451
48,5,1.2,8,0,1976,1976,594,1062.9428555965042,7.474973,0.3,89.88403005904455,7.689318303811057,0.007729468599033816
48,5,1.2,8,0,1975,1975,591,1060.6014873019783,7.342454,0.3,89.51933225979603,7.970799785292539,0.015029522275899088
48,5,1.2,8,0,1976,1976,636,1063.316498106332,7.992733,0.3,89.6339216317767,8.268599033816425,0.0064412238325281795
48,5,1.2,8,0,1967,1967,619,1066.6581896261032,9.616849,0.3,89.68599248523886,8.542565754159957,0.010305958132045089
48,5,1.2,8,0,1971,1971,597,1061.0072789061282,11.268359,0.31,90.22665163714439,8.819967793880837,0.012453032742887815
48,5,1.2,8,0,1968,1968,609,1052.2655637475152,13.0427,0.31,90.60729790660226,9.089640365002683,0.009017713365539451
48,5,1.2,8,0,1969,1969,614,1061.3957935486962,13.41482,0.31,90.64405152979066,9.33118625872249,0.008373590982286634
48,5,1.2,8,0,1976,1976,647,1070.3565899678188,13.626314,0.31,90.26889318303812,9.492216854535695,0.008373590982286634
48,5,1.2,8,0,1966,1966,633,1075.390550246307,13.527165,0.31,89.59424154589372,9.514975845410628,0.010950080515297908
48,5,1.2,8,0,1977,1977,716,1081.0328319451096,13.6212,0.31,89.71078690284487,9.589694041867954,0.011164787976382179
48,5,1.2,8,0,1969,1969,580,1089.6383442144888,14.5821705,0.31,89.53579817498658,9.534514224369296,0.01460010735373054
48,5,1.2,8,0,1964,1964,508,1092.3731633016612,15.810333,0.31,88.88696081588836,9.504669887278583,0.010950080515297908
48,5,1.2,8,0,1967,1967,730,1101.1066218641272,15.375526,0.31,87.76183360171765,9.4743961352657,0.01825013419216318
48,5,1.2,8,0,1974,1974,740,1097.597524410868,15.104826,0.31,87.04634245840043,9.341277509393452,0.01674718196457327
48,5,1.2,8,0,1972,1972,673,1109.8007326655916,15.043553,0.31,86.76665163714439,9.283091787439615,0.022329575952764358
48,5,1.2,8,0,1969,1969,604,1110.6529345676424,13.760697,0.31,87.79658185721954,9.21202361782072,0.01760601180891036
48,5,1.2,8,0,1974,1974,687,1109.3373267996392,12.23596,0.31,89.0340590445518,9.062587224906066,0.010305958132045089
48,5,1.2,8,0,1973,1973,732,1117.4114774376465,12.195887,0.31,89.38222222222223,8.870638754696726,0.00880300590445518
48,5,1.2,8,0,1984,1984,767,1121.5664193981265,11.627021,0.3,88.84478582930757,8.670101986044015,0.0049382716049382715
48,5,1.2,8,0,1983,1983,733,1133.8999260649152,10.845256,0.3,88.28991089640365,8.444873859366613,0.009447128287707997
48,5,1.2,8,0,1980,1980,730,1136.7970163471625,9.85657,0.3,88.0930885668277,8.146001073537306,0.007514761137949544
48,5,1.2,8,0,1984,1984,737,1145.9891440737151,8.073664,0.3,88.43203220611916,8.015673644659152,0.008373590982286634
48,5,1.2,8,0,1982,1982,810,1149.2357035001937,9.145475,0.3,88.28491465378421,7.963714439076758,0.0051529790660225444
48,5,1.2,8,0,1976,1976,806,1161.7355450743048,11.484361,0.29,87.32890606548578,7.901663982823404,0.00730005367686527
48,5,1.2,8,0,2000,2000,849,1185.9198340389694,7.957579,0.29,85.26100483091787,7.648309178743961,0.015458937198067632
48,5,1.2,8,0,1982,1982,886,1200.5226123495465,5.0850444,0.29,83.7478432635534,7.425013419216318,0.035856146001073536
48,5,1.2,8,0,1992,1992,679,1207.9306271911082,6.358898,0.29,83.10594954374665,7.2826623725174455,0.050456253354804075
48,5,1.2,8,0,1987,1987,803,1217.5366779521466,5.037735,0.29,83.09349221685454,7.104669887278583,0.07836822329575953
48,5,1.2,8,0,1991,1991,794,1219.70126958965,4.1178703,0.29,83.12994524959743,7.0402576489533,0.09898013955984972
48,5,1.2,8,0,1990,1990,787,1220.682993129585,6.2833877,0.29,82.94799570585077,6.927750939345143,0.12753623188405797
48,5,1.2,8,0,1989,1989,866,1217.0717313752662,5.927004,0.29,82.46093612453032,6.768223295759528,0.12002147074610843
48,5,1.2,8,0,1988,1988,916,1226.5298506355177,4.2120013,0.29,82.15201717659689,6.6797638217928075,0.12431561996779388
