patchsize,fasttresh,scalefactor,n_levels,track_error,features,total_matches,inliers,blur,flow,contrast
48,5,1.2,8,0,2000,2000,767,367.1700297422168,3.284277,0.34
48,5,1.2,8,0,2000,2000,800,360.890187585358,3.3093903,0.34
48,5,1.2,8,0,2000,2000,680,364.1438606902255,3.5228872,0.34
48,5,1.2,8,0,2000,2000,780,363.0988941256139,3.4996638,0.34
48,5,1.2,8,0,2000,2000,736,362.67291484981854,3.8447897,0.34
48,5,1.2,8,0,2000,2000,814,359.62511023242,3.464902,0.34
48,5,1.2,8,0,2000,2000,961,355.42430806446174,3.373039,0.34
48,5,1.2,8,0,2000,2000,906,350.7619711001366,3.3367834,0.34
48,5,1.2,8,0,2000,2000,938,352.291683238169,3.3467438,0.34
48,5,1.2,8,0,2000,2000,966,345.66150601564266,3.4115074,0.34
48,5,1.2,8,0,2000,2000,1012,349.57805189704635,3.2779896,0.34
48,5,1.2,8,0,2000,2000,959,342.4466369006782,3.0407038,0.34
48,5,1.2,8,0,2000,2000,910,335.3006406100233,2.834927,0.34
48,5,1.2,8,0,2000,2000,794,334.40721023719783,2.4193194,0.34
48,5,1.2,8,0,2000,2000,952,342.21819157635355,2.3018594,0.35
48,5,1.2,8,0,2000,2000,928,347.6152639295497,2.030495,0.34
48,5,1.2,8,0,2000,2000,999,352.27422477129284,2.0997057,0.34
48,5,1.2,8,0,2000,2000,998,357.1226633665565,2.200337,0.34
48,5,1.2,8,0,2000,2000,898,354.2756021498584,2.1689694,0.34
48,5,1.2,8,0,2000,2000,948,354.78438680858113,2.134849,0.34
48,5,1.2,8,0,2000,2000,957,354.6444313927633,2.1567826,0.34
48,5,1.2,8,0,2000,2000,964,353.50474309187064,2.1809824,0.34
48,5,1.2,8,0,2000,2000,860,349.4093669316408,2.1473796,0.34
48,5,1.2,8,0,2000,2000,855,353.22748196332,2.1385438,0.34
48,5,1.2,8,0,2000,2000,807,359.1991402552258,2.1738262,0.34
48,5,1.2,8,0,2000,2000,959,354.65292806662654,2.1567504,0.34
48,5,1.2,8,0,2000,2000,913,360.02702293260194,2.2351382,0.34
48,5,1.2,8,0,2000,2000,837,358.659788688917,2.3083522,0.34
48,5,1.2,8,0,2000,2000,757,356.3689029523327,2.1912372,0.34
48,5,1.2,8,0,2000,2000,724,349.39762828687907,2.231305,0.34
48,5,1.2,8,0,2000,2000,815,348.2798724973774,2.1559165,0.34
48,5,1.2,8,0,2000,2000,779,344.22731908625667,2.1105723,0.34
48,5,1.2,8,0,2000,2000,831,342.3578026466299,2.1760743,0.34
48,5,1.2,8,0,2000,2000,802,339.46610486888335,2.3370907,0.34
48,5,1.2,8,0,2000,2000,691,338.5954016990137,2.3377745,0.34
48,5,1.2,8,0,2000,2000,795,336.7972848558747,2.2913005,0.34
48,5,1.2,8,0,2000,2000,890,337.7149707426965,2.2230833,0.35
48,5,1.2,8,0,2000,2000,887,343.4009938619076,2.2314136,0.35
48,5,1.2,8,0,2000,2000,760,342.09223491795615,2.325741,0.35
48,5,1.2,8,0,2000,2000,792,347.0166202677026,2.3627617,0.35
48,5,1.2,8,0,2000,2000,787,354.1728682208739,2.4587772,0.35
48,5,1.2,8,0,2000,2000,754,355.65707987095107,2.6424313,0.35
48,5,1.2,8,0,2000,2000,776,349.4713164310324,2.760916,0.35
48,5,1.2,8,0,2000,2000,754,347.4921090749187,2.8505638,0.35
48,5,1.2,8,0,2000,2000,853,337.01905589121316,2.6748338,0.35
48,5,1.2,8,0,2000,2000,807,327.8365044664393,2.5079658,0.35
48,5,1.2,8,0,2000,2000,767,325.59624580781434,2.4902165,0.35
48,5,1.2,8,0,2000,2000,793,322.1987465609187,2.4127624,0.35
48,5,1.2,8,0,2000,2000,690,333.4075015598856,2.5558455,0.35
48,5,1.2,8,0,2000,2000,695,341.5700656458448,2.78111,0.35
48,5,1.2,8,0,2000,2000,722,348.6068536864287,2.9681966,0.35
48,5,1.2,8,0,2000,2000,649,353.7617823108507,3.239466,0.35
48,5,1.2,8,0,2000,2000,615,355.2956493241188,3.4802353,0.35
48,5,1.2,8,0,2000,2000,534,361.09786503614407,3.5711868,0.35
48,5,1.2,8,0,2000,2000,682,357.7225289446232,3.640829,0.36
48,5,1.2,8,0,2000,2000,623,356.7012174762617,3.8524334,0.36
48,5,1.2,8,0,2000,2000,680,351.2169010769745,4.3142633,0.35
48,5,1.2,8,0,2000,2000,568,346.50781828840144,4.6668196,0.35
48,5,1.2,8,0,2000,2000,668,332.10674754919523,5.10724,0.35
48,5,1.2,8,0,2000,2000,585,319.5113879322249,5.285134,0.35
48,5,1.2,8,0,2000,2000,640,322.21774616970725,5.5689373,0.35
48,5,1.2,8,0,2000,2000,604,321.6772561986193,5.1500926,0.35
48,5,1.2,8,0,2000,2000,485,322.02067449615316,5.1426024,0.35
48,5,1.2,8,0,2000,2000,570,330.0789141375107,4.7760363,0.35
48,5,1.2,8,0,2000,2000,582,330.83581137828725,4.991674,0.35
48,5,1.2,8,0,2000,2000,497,324.77148862417806,5.156504,0.35
48,5,1.2,8,0,2000,2000,550,325.07970503208776,5.1271763,0.35
48,5,1.2,8,0,2000,2000,572,328.08859457505935,4.6617503,0.35
48,5,1.2,8,0,2000,2000,708,332.00049378790857,4.4803166,0.35
48,5,1.2,8,0,2000,2000,628,333.4488836143134,4.027386,0.35
48,5,1.2,8,0,2000,2000,642,338.52537793873086,3.6993122,0.35
48,5,1.2,8,0,2000,2000,605,341.7411591603218,3.3865871,0.34
48,5,1.2,8,0,2000,2000,588,348.7559534880729,3.5419953,0.35
48,5,1.2,8,0,2000,2000,536,348.6324758205757,3.7983503,0.35
48,5,1.2,8,0,2000,2000,608,352.6638091981214,3.9242759,0.35
48,5,1.2,8,0,2000,2000,518,361.7294481533428,3.931751,0.35
48,5,1.2,8,0,2000,2000,541,363.05262478073416,4.2315483,0.35
48,5,1.2,8,0,2000,2000,496,360.1004789513205,4.5404763,0.35
48,5,1.2,8,0,2000,2000,491,362.33723166487613,4.6771946,0.35
48,5,1.2,8,0,2000,2000,538,367.943019527173,4.902019,0.35
48,5,1.2,8,0,2000,2000,382,361.85425079500897,5.506793,0.35
48,5,1.2,8,0,2000,2000,485,352.3339337409006,5.2539396,0.35
48,5,1.2,8,0,2000,2000,536,341.35574409019625,5.3004193,0.36
48,5,1.2,8,0,2000,2000,544,325.8894426979932,5.346134,0.36
48,5,1.2,8,0,2000,2000,478,311.9882233534869,5.613257,0.36
48,5,1.2,8,0,2000,2000,565,315.59101216559276,6.092099,0.36
48,5,1.2,8,0,2000,2000,520,323.7171442583116,6.6309032,0.37
48,5,1.2,8,0,2000,2000,515,331.26363472228525,7.105508,0.37
48,5,1.2,8,0,2000,2000,530,335.9420829826604,6.3551855,0.37
48,5,1.2,8,0,2000,2000,507,333.48095783290034,4.5673933,0.37
48,5,1.2,8,0,2000,2000,503,335.3476391263245,4.5944085,0.38
48,5,1.2,8,0,2000,2000,530,326.44061160083487,5.3446097,0.38
48,5,1.2,8,0,2000,2000,515,322.28461515739764,4.8914175,0.37
48,5,1.2,8,0,2000,2000,500,304.95309605181757,4.838274,0.37
48,5,1.2,8,0,2000,2000,502,291.718767173534,4.156768,0.36
48,5,1.2,8,0,2000,2000,574,281.22264624322867,3.4964893,0.36
48,5,1.2,8,0,2000,2000,612,282.6380588601164,3.8285172,0.36
48,5,1.2,8,0,2000,2000,485,282.28463805064945,4.2112584,0.36
48,5,1.2,8,0,2000,2000,535,296.7378013813535,4.1329336,0.35
48,5,1.2,8,0,2000,2000,517,305.6662170662178,4.1168647,0.36
48,5,1.2,8,0,2000,2000,593,316.6802489953912,3.8172922,0.36
48,5,1.2,8,0,2000,2000,620,313.92171867823373,3.7564843,0.36
48,5,1.2,8,0,2000,2000,537,316.9321077965049,3.8437622,0.36
48,5,1.2,8,0,2000,2000,615,322.7410812227952,3.926672,0.36
48,5,1.2,8,0,2000,2000,636,323.651841803883,4.003094,0.36
48,5,1.2,8,0,2000,2000,538,331.913280911632,3.9634447,0.36
48,5,1.2,8,0,2000,2000,602,339.00325097852055,4.1155214,0.36
48,5,1.2,8,0,2000,2000,594,346.5810997014195,4.72226,0.36
48,5,1.2,8,0,2000,2000,684,351.96290644870635,4.756674,0.35
48,5,1.2,8,0,2000,2000,607,353.3881869378322,5.115674,0.35
48,5,1.2,8,0,2000,2000,682,350.5300557525418,4.973706,0.35
48,5,1.2,8,0,2000,2000,704,350.13989760763087,3.9581013,0.35
48,5,1.2,8,0,2000,2000,800,344.8724028953308,3.7594767,0.35
48,5,1.2,8,0,2000,2000,758,347.26378060104923,4.175893,0.35
48,5,1.2,8,0,2000,2000,783,351.84528799434696,3.6853075,0.35
48,5,1.2,8,0,2000,2000,857,360.06527142696444,4.0359364,0.35
48,5,1.2,8,0,2000,2000,743,370.37145077889227,4.6609507,0.35
48,5,1.2,8,0,2000,2000,641,373.0588574536958,5.0000105,0.35
48,5,1.2,8,0,2000,2000,820,360.90931076879053,4.7892704,0.35
48,5,1.2,8,0,2000,2000,877,358.50613672701087,4.58079,0.35
48,5,1.2,8,0,2000,2000,861,361.9266743242198,4.3674827,0.35
48,5,1.2,8,0,2000,2000,828,353.77125009314057,4.118898,0.35
48,5,1.2,8,0,2000,2000,847,352.98000575500976,3.705553,0.35
48,5,1.2,8,0,2000,2000,796,350.28902995217254,3.7155356,0.35
48,5,1.2,8,0,2000,2000,906,349.238540447122,3.5774422,0.35
48,5,1.2,8,0,2000,2000,764,348.3857162399001,3.3813708,0.35
48,5,1.2,8,0,2000,2000,760,349.6326036724664,3.4606583,0.35
48,5,1.2,8,0,2000,2000,896,351.135252371802,3.5422008,0.35
48,5,1.2,8,0,2000,2000,801,350.95967738670737,3.3423223,0.35
48,5,1.2,8,0,2000,2000,802,351.635821450791,3.4806118,0.35
48,5,1.2,8,0,2000,2000,721,351.78316641396304,3.813372,0.35
48,5,1.2,8,0,2000,2000,889,347.34353458940376,3.6073246,0.35
48,5,1.2,8,0,2000,2000,890,342.5475890350254,3.3694124,0.35
48,5,1.2,8,0,2000,2000,856,339.2474474338791,3.363665,0.35
48,5,1.2,8,0,2000,2000,893,331.9811341758266,2.9478564,0.35
48,5,1.2,8,0,2000,2000,979,329.40671062284315,3.1737914,0.35
48,5,1.2,8,0,2000,2000,919,330.1886668558191,2.8376641,0.35
48,5,1.2,8,0,2000,2000,776,333.4368687725818,2.9165215,0.35
48,5,1.2,8,0,2000,2000,948,341.24282273354294,2.862262,0.35
48,5,1.2,8,0,2000,2000,865,343.5747120269063,2.8800156,0.35
48,5,1.2,8,0,2000,2000,648,341.8430091001567,2.8262348,0.35
48,5,1.2,8,0,2000,2000,855,343.77579602484457,2.8651485,0.35
48,5,1.2,8,0,2000,2000,925,339.96447010075053,2.893016,0.35
48,5,1.2,8,0,2000,2000,870,334.9855384749287,2.9914684,0.35
48,5,1.2,8,0,2000,2000,807,336.2567613794015,3.1478412,0.35
48,5,1.2,8,0,2000,2000,912,334.82659960050387,3.2306564,0.35
48,5,1.2,8,0,2000,2000,823,331.9795071596486,3.3947394,0.36
48,5,1.2,8,0,2000,2000,743,331.69903676143014,3.4733427,0.35
48,5,1.2,8,0,2000,2000,851,332.1804270810593,3.3310544,0.36
48,5,1.2,8,0,2000,2000,925,329.5125507434662,3.0551689,0.36
48,5,1.2,8,0,2000,2000,841,328.502697107879,2.4102585,0.36
48,5,1.2,8,0,2000,2000,763,332.4482892943946,2.3358457,0.36
48,5,1.2,8,0,2000,2000,842,338.96437108299745,2.7134926,0.36
48,5,1.2,8,0,2000,2000,763,345.0919210981345,3.1255226,0.36
48,5,1.2,8,0,2000,2000,709,353.54257308650256,4.0277557,0.36
48,5,1.2,8,0,2000,2000,769,363.1535245153744,4.3872323,0.36
48,5,1.2,8,0,2000,2000,677,358.92633105073276,5.3165703,0.36
48,5,1.2,8,0,2000,2000,710,358.4814614491843,5.704749,0.35
48,5,1.2,8,0,2000,2000,720,353.7583953166266,6.4290504,0.36
48,5,1.2,8,0,2000,2000,640,354.5531874298844,7.307479,0.36
48,5,1.2,8,0,2000,2000,743,354.5743735611293,6.9743867,0.36
48,5,1.2,8,0,2000,2000,682,356.56499229537104,6.9467382,0.36
48,5,1.2,8,0,2000,2000,589,356.8752166043152,6.8133574,0.36
48,5,1.2,8,0,2000,2000,587,362.75079649506984,6.181816,0.37
48,5,1.2,8,0,2000,2000,525,354.1997441075394,6.571112,0.37
48,5,1.2,8,0,2000,2000,537,353.3851398802907,6.512102,0.36
48,5,1.2,8,0,2000,2000,457,365.6810673395322,6.3567843,0.37
48,5,1.2,8,0,2000,2000,432,367.7910079928278,6.1429768,0.37
48,5,1.2,8,0,2000,2000,413,382.07270833547534,6.517122,0.37
48,5,1.2,8,0,2000,2000,422,378.0869702890457,6.850299,0.37
48,5,1.2,8,0,2000,2000,407,381.54045811147574,6.8197966,0.37
48,5,1.2,8,0,2000,2000,394,381.9213817023902,5.8867044,0.37
48,5,1.2,8,0,2000,2000,331,388.53641524950865,7.1520987,0.37
48,5,1.2,8,0,2000,2000,332,384.5311499147163,7.007134,0.38
48,5,1.2,8,0,2000,2000,304,379.5787202720454,6.2997684,0.37
48,5,1.2,8,0,2000,2000,285,373.20584514458795,5.286294,0.37
48,5,1.2,8,0,2000,2000,335,371.3632395138555,5.4083233,0.37
48,5,1.2,8,0,2000,2000,306,361.06145315729776,6.238043,0.36
48,5,1.2,8,0,2000,2000,384,346.8371472501262,6.4877677,0.36
48,5,1.2,8,0,2000,2000,277,347.43566467992923,7.231864,0.36
48,5,1.2,8,0,2000,2000,253,361.5212334499597,6.6887784,0.36
48,5,1.2,8,0,2000,2000,299,386.0357733129426,6.8375883,0.36
48,5,1.2,8,0,2000,2000,273,392.6044998295638,7.445421,0.36
48,5,1.2,8,0,2000,2000,311,395.9409888689679,8.292411,0.36
48,5,1.2,8,0,2000,2000,303,391.63049893075146,9.606432,0.36
48,5,1.2,8,0,2000,2000,232,386.59615181824097,8.534943,0.36
48,5,1.2,8,0,2000,2000,286,386.77106723066834,8.167376,0.35
48,5,1.2,8,0,2000,2000,333,379.93824997239886,7.9429836,0.35
48,5,1.2,8,0,2000,2000,368,363.2328006219847,6.933347,0.35
48,5,1.2,8,0,2000,2000,296,359.9325505247573,7.685499,0.35
48,5,1.2,8,0,2000,2000,264,362.73702037214395,8.989327,0.36
48,5,1.2,8,0,2000,2000,312,365.0196830756883,9.790308,0.36
48,5,1.2,8,0,2000,2000,381,365.5125248730244,8.995527,0.36
48,5,1.2,8,0,2000,2000,329,366.2692378236414,8.359053,0.35
48,5,1.2,8,0,2000,2000,321,349.6670997081608,8.305444,0.35
48,5,1.2,8,0,2000,2000,305,333.4012132816071,8.378716,0.35
48,5,1.2,8,0,2000,2000,362,334.5159685676211,8.465617,0.35
48,5,1.2,8,0,2000,2000,300,335.265359593788,8.891253,0.35
48,5,1.2,8,0,2000,2000,337,338.3899328716307,9.449632,0.35
48,5,1.2,8,0,2000,2000,318,351.8116177381049,10.380409,0.36
48,5,1.2,8,0,2000,2000,301,361.24675681800795,9.87963,0.36
48,5,1.2,8,0,2000,2000,317,351.20106664455795,9.25386,0.36
48,5,1.2,8,0,2000,2000,413,329.2585718096833,8.822744,0.36
48,5,1.2,8,0,2000,2000,336,296.12566500308264,8.833174,0.36
48,5,1.2,8,0,2000,2000,364,282.1251179797962,7.506576,0.36
48,5,1.2,8,0,2000,2000,350,284.0045497695447,7.548508,0.36
48,5,1.2,8,0,2000,2000,338,285.96103533115513,7.352026,0.35
48,5,1.2,8,0,2000,2000,448,270.87596954830065,6.1468287,0.35
48,5,1.2,8,0,2000,2000,367,263.0267865413475,5.725071,0.36
48,5,1.2,8,0,2000,2000,402,264.8675308733511,5.3704553,0.36
48,5,1.2,8,0,2000,2000,373,265.93640793335186,5.5783887,0.36
48,5,1.2,8,0,2000,2000,312,262.4837848133425,5.8203197,0.36
48,5,1.2,8,0,2000,2000,338,265.23743180473394,5.6918006,0.36
48,5,1.2,8,0,2000,2000,249,273.7537556991606,6.318554,0.36
48,5,1.2,8,0,2000,2000,301,294.4326062426725,6.2549825,0.36
48,5,1.2,8,0,2000,2000,275,306.16265071102436,5.264869,0.36
48,5,1.2,8,0,2000,2000,307,318.2761270480259,5.1942964,0.36
48,5,1.2,8,0,2000,2000,321,319.8133984603062,6.1976686,0.37
48,5,1.2,8,0,2000,2000,274,306.9655778879345,5.502556,0.36
48,5,1.2,8,0,2000,2000,364,303.56943104970696,4.7346725,0.36
48,5,1.2,8,0,2000,2000,299,298.929864426439,4.907779,0.36
48,5,1.2,8,0,2000,2000,270,295.4022766672425,6.3748674,0.36
48,5,1.2,8,0,2000,2000,310,321.162469044604,7.109381,0.37
48,5,1.2,8,0,2000,2000,295,293.0423096835422,6.0235977,0.37
48,5,1.2,8,0,2000,2000,338,308.8294979148912,6.2196026,0.37
48,5,1.2,8,0,2000,2000,288,316.6046618711215,5.8797755,0.38
48,5,1.2,8,0,2000,2000,290,319.22763255213164,5.563871,0.38
48,5,1.2,8,0,2000,2000,288,327.0521301081171,5.6575575,0.39
48,5,1.2,8,0,2000,2000,307,317.8372298526494,4.2134337,0.38
48,5,1.2,8,0,2000,2000,314,300.3357600022217,4.809784,0.38
48,5,1.2,8,0,2000,2000,282,290.88100761966894,4.933734,0.37
48,5,1.2,8,0,2000,2000,300,290.499555795055,4.5704618,0.37
48,5,1.2,8,0,2000,2000,280,303.00577132027115,5.6872015,0.37
48,5,1.2,8,0,2000,2000,280,311.8172517144938,6.9241138,0.37
48,5,1.2,8,0,2000,2000,271,314.9977751329694,5.8694587,0.37
48,5,1.2,8,0,2000,2000,358,319.3042008802537,4.6973014,0.37
48,5,1.2,8,0,2000,2000,277,317.760032553481,5.330165,0.37
48,5,1.2,8,0,2000,2000,264,313.80122543072594,5.556327,0.38
48,5,1.2,8,0,2000,2000,316,308.9667363174925,6.293692,0.38
48,5,1.2,8,0,2000,2000,320,300.3392168046701,6.523618,0.38
48,5,1.2,8,0,2000,2000,262,296.61532153961116,7.0947995,0.37
48,5,1.2,8,0,2000,2000,336,291.98778413221675,7.3868694,0.37
48,5,1.2,8,0,2000,2000,292,290.1478772574879,7.0263114,0.37
48,5,1.2,8,0,2000,2000,284,284.9989338634454,6.995331,0.37
48,5,1.2,8,0,2000,2000,298,285.09783224697907,6.8741546,0.37
48,5,1.2,8,0,2000,2000,281,315.1717715620486,6.8438354,0.37
48,5,1.2,8,0,2000,2000,282,313.82126485912113,7.129638,0.37
48,5,1.2,8,0,2000,2000,291,320.2192410157016,6.8531775,0.37
48,5,1.2,8,0,2000,2000,302,328.18575283478464,6.9718447,0.36
48,5,1.2,8,0,2000,2000,282,337.9726637607798,7.4606576,0.36
48,5,1.2,8,0,2000,2000,240,342.7559299363875,7.8016076,0.36
48,5,1.2,8,0,2000,2000,248,376.0494837816418,7.748145,0.36
48,5,1.2,8,0,2000,2000,306,351.6131610686321,6.8303742,0.36
48,5,1.2,8,0,2000,2000,347,344.0018317299167,8.37817,0.36
48,5,1.2,8,0,2000,2000,363,325.1146492325999,8.601818,0.36
48,5,1.2,8,0,2000,2000,371,319.05117527771364,8.618146,0.36
48,5,1.2,8,0,2000,2000,281,333.00421109973576,8.689112,0.36
48,5,1.2,8,0,2000,2000,317,360.0866763296989,9.549286,0.35
48,5,1.2,8,0,2000,2000,330,368.10297962535736,10.362105,0.35
48,5,1.2,8,0,2000,2000,333,350.21343865005406,12.137938,0.34
48,5,1.2,8,0,2000,2000,394,348.9990568192098,9.843669,0.35
48,5,1.2,8,0,2000,2000,411,309.51105231958525,7.093155,0.35
48,5,1.2,8,0,2000,2000,350,297.027937344514,7.386224,0.36
48,5,1.2,8,0,2000,2000,358,308.9971508994406,7.762122,0.36
48,5,1.2,8,0,2000,2000,307,311.050806229835,7.7673264,0.35
48,5,1.2,8,0,2000,2000,290,336.8632580090326,7.52197,0.36
48,5,1.2,8,0,2000,2000,291,343.19332439632825,6.4493823,0.36
48,5,1.2,8,0,2000,2000,339,322.3329368745105,5.85017,0.36
48,5,1.2,8,0,2000,2000,264,351.1766160795892,5.385639,0.36
48,5,1.2,8,0,2000,2000,264,359.44195633299006,5.50311,0.37
48,5,1.2,8,0,2000,2000,327,348.2424176448738,5.649896,0.38
48,5,1.2,8,0,2000,2000,290,334.69673822961835,5.9493504,0.38
48,5,1.2,8,0,2000,2000,348,335.2345954167945,6.0788155,0.38
48,5,1.2,8,0,2000,2000,281,322.67838007626466,6.2691417,0.38
48,5,1.2,8,0,2000,2000,334,321.4242632437803,5.4560633,0.38
48,5,1.2,8,0,2000,2000,333,305.85941103960096,6.2307053,0.38
48,5,1.2,8,0,2000,2000,313,299.18064526459295,5.5642633,0.37
48,5,1.2,8,0,2000,2000,345,301.04572771471936,7.0702124,0.38
48,5,1.2,8,0,2000,2000,340,307.2196582754587,7.2573447,0.38
48,5,1.2,8,0,2000,2000,374,305.6333513475942,7.420501,0.38
48,5,1.2,8,0,2000,2000,383,293.44541696542115,6.921545,0.38
48,5,1.2,8,0,2000,2000,357,287.98041419740304,6.3001366,0.38
48,5,1.2,8,0,2000,2000,394,299.5134842411292,6.4870615,0.38
48,5,1.2,8,0,2000,2000,365,313.7132052779589,5.3348775,0.39
48,5,1.2,8,0,2000,2000,338,325.98348381762725,6.0528164,0.4
48,5,1.2,8,0,2000,2000,341,340.68603731604674,6.4944844,0.39
48,5,1.2,8,0,2000,2000,298,337.7695963233053,6.4486375,0.37
48,5,1.2,8,0,2000,2000,329,356.99987783285275,6.180829,0.36
48,5,1.2,8,0,2000,2000,283,361.68672522889705,5.944385,0.36
48,5,1.2,8,0,2000,2000,335,376.82161266479363,6.869312,0.37
48,5,1.2,8,0,2000,2000,299,395.63451021083523,8.89546,0.38
48,5,1.2,8,0,2000,2000,325,412.6246694301083,7.8615003,0.37
48,5,1.2,8,0,2000,2000,333,435.8902221092822,6.753056,0.36
48,5,1.2,8,0,2000,2000,345,448.69959439467283,8.322213,0.36
48,5,1.2,8,0,2000,2000,331,436.65979886898856,7.259371,0.36
48,5,1.2,8,0,2000,2000,355,428.80557930711063,7.1801076,0.36
48,5,1.2,8,0,2000,2000,411,410.75282876964025,6.29781,0.36
48,5,1.2,8,0,2000,2000,383,426.43309702078665,6.565409,0.37
48,5,1.2,8,0,2000,2000,388,432.8277530582042,6.6783266,0.36
48,5,1.2,8,0,2000,2000,350,443.0462730263484,8.493113,0.36
48,5,1.2,8,0,2000,2000,345,448.1565995295376,8.315317,0.36
48,5,1.2,8,0,2000,2000,375,451.8714153391112,9.929053,0.35
48,5,1.2,8,0,2000,2000,329,456.4454066953117,9.944188,0.35
48,5,1.2,8,0,2000,2000,362,464.49305745993644,9.627539,0.34
48,5,1.2,8,0,2000,2000,348,470.8760175432137,11.172335,0.34
48,5,1.2,8,0,2000,2000,337,484.01675846224185,12.517927,0.34
48,5,1.2,8,0,2000,2000,315,483.58462189483805,12.7575445,0.33
48,5,1.2,8,0,2000,2000,283,475.18008675966684,12.083691,0.32
48,5,1.2,8,0,2000,2000,248,480.27309998158444,13.979432,0.31
48,5,1.2,8,0,2000,2000,310,503.5116634124234,14.296373,0.31
48,5,1.2,8,0,2000,2000,325,506.6108750011566,14.0082035,0.31
48,5,1.2,8,0,2000,2000,382,486.9268307977332,12.038836,0.32
48,5,1.2,8,0,2000,2000,461,455.6571310008773,11.401377,0.32
48,5,1.2,8,0,2000,2000,463,464.7754039133013,12.597068,0.33
48,5,1.2,8,0,2000,2000,457,484.2716032035913,10.181576,0.35
48,5,1.2,8,0,2000,2000,423,485.71761554508583,9.614572,0.35
48,5,1.2,8,0,2000,2000,400,478.11739656646654,8.345036,0.35
48,5,1.2,8,0,2000,2000,399,484.353005070195,8.87192,0.34
48,5,1.2,8,0,2000,2000,445,474.12238696497576,9.10377,0.34
48,5,1.2,8,0,2000,2000,411,471.4124907175445,10.156364,0.34
48,5,1.2,8,0,2000,2000,442,458.2224438686015,10.720271,0.34
48,5,1.2,8,0,2000,2000,406,447.0020733257017,10.707562,0.34
48,5,1.2,8,0,2000,2000,492,438.34288106001486,10.396855,0.33
48,5,1.2,8,0,2000,2000,556,428.6083024516471,10.617416,0.33
48,5,1.2,8,0,2000,2000,481,429.34632158362274,11.168862,0.32
48,5,1.2,8,0,2000,2000,454,432.3104003372798,11.361755,0.31
48,5,1.2,8,0,2000,2000,449,435.3843232721721,11.561045,0.31
48,5,1.2,8,0,2000,2000,473,434.8251352413464,11.414497,0.31
48,5,1.2,8,0,2000,2000,405,427.6419323423435,11.708126,0.31
48,5,1.2,8,0,2000,2000,417,413.13094885983287,11.264675,0.31
48,5,1.2,8,0,2000,2000,454,416.57388886449684,11.724943,0.32
48,5,1.2,8,0,2000,2000,330,437.5507509495162,11.089177,0.33
48,5,1.2,8,0,2000,2000,335,450.5622575878113,11.231551,0.34
48,5,1.2,8,0,2000,2000,359,461.41338031966995,9.07269,0.36
48,5,1.2,8,0,2000,2000,295,464.0335864970454,9.310386,0.37
48,5,1.2,8,0,2000,2000,318,427.52565045651454,10.353894,0.37
48,5,1.2,8,0,2000,2000,403,392.06681684658275,10.765774,0.37
48,5,1.2,8,0,2000,2000,380,371.9350181076323,10.224433,0.35
48,5,1.2,8,0,2000,2000,323,362.31400068583315,8.970086,0.35
48,5,1.2,8,0,2000,2000,286,379.4258117377315,9.911618,0.35
48,5,1.2,8,0,2000,2000,352,379.6095822175362,8.550767,0.36
48,5,1.2,8,0,2000,2000,381,383.77005300958444,8.883358,0.36
48,5,1.2,8,0,2000,2000,420,387.2560386258544,8.0745945,0.38
48,5,1.2,8,0,2000,2000,417,387.0803458571882,7.9148793,0.38
48,5,1.2,8,0,2000,2000,442,391.1356673924469,8.053014,0.39
48,5,1.2,8,0,2000,2000,380,393.9218885532739,8.484956,0.39
48,5,1.2,8,0,2000,2000,376,383.8344575926919,9.1139965,0.38
48,5,1.2,8,0,2000,2000,350,391.3242167647853,7.92764,0.39
48,5,1.2,8,0,2000,2000,379,385.1572169270143,8.93847,0.39
48,5,1.2,8,0,2000,2000,354,390.8742726297179,5.7990303,0.39
48,5,1.2,8,0,2000,2000,379,384.1437219719376,5.3110533,0.39
48,5,1.2,8,0,2000,2000,403,393.150075944134,5.80185,0.39
48,5,1.2,8,0,2000,2000,405,396.23999416743857,6.7437153,0.39
48,5,1.2,8,0,2000,2000,338,388.4321176221936,7.8705683,0.39
48,5,1.2,8,0,2000,2000,373,381.91217259057703,7.27052,0.39
48,5,1.2,8,0,2000,2000,355,375.31796143094635,6.1804633,0.39
48,5,1.2,8,0,2000,2000,386,370.0407165631406,6.351031,0.39
48,5,1.2,8,0,2000,2000,395,383.4904844937882,6.384476,0.39
48,5,1.2,8,0,2000,2000,367,394.454889920473,6.007586,0.39
48,5,1.2,8,0,2000,2000,367,388.39331066534294,6.4314847,0.39
48,5,1.2,8,0,2000,2000,405,405.93060465277523,6.7757173,0.39
48,5,1.2,8,0,2000,2000,423,412.9813546000431,7.2865386,0.39
48,5,1.2,8,0,2000,2000,366,409.89227480462137,6.6192694,0.39
48,5,1.2,8,0,2000,2000,285,394.53021952030224,6.657482,0.39
48,5,1.2,8,0,2000,2000,301,372.42100229651373,6.252218,0.39
48,5,1.2,8,0,2000,2000,316,351.8763774181191,6.103289,0.39
48,5,1.2,8,0,2000,2000,327,349.37707450892157,6.4958096,0.39
48,5,1.2,8,0,2000,2000,368,360.1789392124524,6.12963,0.39
48,5,1.2,8,0,2000,2000,353,367.3750191581802,6.0936747,0.39
48,5,1.2,8,0,2000,2000,326,379.8805483866313,5.486861,0.38
48,5,1.2,8,0,2000,2000,329,369.6035641212639,4.881764,0.38
48,5,1.2,8,0,2000,2000,430,370.03231865633495,5.079713,0.38
48,5,1.2,8,0,2000,2000,388,368.758264913949,5.0374436,0.38
48,5,1.2,8,0,2000,2000,366,383.2296767318927,4.974365,0.38
48,5,1.2,8,0,2000,2000,390,391.2727684186162,5.1088457,0.39
48,5,1.2,8,0,2000,2000,384,391.53892687317847,4.8612113,0.38
48,5,1.2,8,0,2000,2000,374,397.3980225412226,5.1210275,0.38
48,5,1.2,8,0,2000,2000,365,379.43261480488616,4.6127987,0.38
48,5,1.2,8,0,2000,2000,407,376.89659805844167,4.86907,0.38
48,5,1.2,8,0,2000,2000,319,376.54824023164485,5.3225384,0.38
48,5,1.2,8,0,2000,2000,386,382.8260774643195,5.367693,0.38
48,5,1.2,8,0,2000,2000,338,380.1891639989032,5.462577,0.38
48,5,1.2,8,0,2000,2000,377,378.0894180195425,5.697164,0.38
48,5,1.2,8,0,2000,2000,402,386.6629684093886,6.27217,0.38
48,5,1.2,8,0,2000,2000,359,388.10952647537584,5.194236,0.38
48,5,1.2,8,0,2000,2000,331,384.6576360074948,6.3118176,0.38
48,5,1.2,8,0,2000,2000,395,375.9924290935229,6.311874,0.38
48,5,1.2,8,0,2000,2000,348,364.06792728236235,5.106063,0.38
48,5,1.2,8,0,2000,2000,321,346.94195865692274,5.12832,0.38
48,5,1.2,8,0,2000,2000,362,350.5849474980209,5.475178,0.38
48,5,1.2,8,0,2000,2000,317,345.22952559679084,5.777132,0.39
48,5,1.2,8,0,2000,2000,292,342.9631320129104,5.0766215,0.39
48,5,1.2,8,0,2000,2000,332,346.32397044118295,5.097786,0.39
48,5,1.2,8,0,2000,2000,345,351.74286692274654,6.1133146,0.39
48,5,1.2,8,0,2000,2000,282,362.048663038604,4.345582,0.39
48,5,1.2,8,0,2000,2000,291,371.0924248379198,4.6076093,0.39
48,5,1.2,8,0,2000,2000,284,380.53934442661523,4.382997,0.38
48,5,1.2,8,0,2000,2000,309,397.3591322643151,4.4002686,0.38
48,5,1.2,8,0,2000,2000,322,395.82178168631526,4.4698224,0.38
48,5,1.2,8,0,2000,2000,319,415.14472420007075,4.501019,0.38
48,5,1.2,8,0,2000,2000,333,397.2812976497799,4.57038,0.39
48,5,1.2,8,0,2000,2000,324,394.03321759123224,4.859629,0.39
48,5,1.2,8,0,2000,2000,301,377.6124358422022,5.5038295,0.39
48,5,1.2,8,0,2000,2000,270,373.9396320565846,6.4844294,0.39
48,5,1.2,8,0,2000,2000,254,370.2739718002614,7.367974,0.38
48,5,1.2,8,0,2000,2000,291,366.9233133896804,7.1711864,0.38
48,5,1.2,8,0,2000,2000,328,357.5838952195481,5.6110435,0.38
48,5,1.2,8,0,2000,2000,350,368.55344269842124,5.3437214,0.37
48,5,1.2,8,0,2000,2000,296,376.6540536215011,5.581954,0.37
48,5,1.2,8,0,2000,2000,345,384.5088732786763,5.431942,0.38
48,5,1.2,8,0,2000,2000,275,391.53612232656707,6.833224,0.38
48,5,1.2,8,0,2000,2000,259,391.95844316703403,7.307537,0.37
48,5,1.2,8,0,2000,2000,270,385.8310580590757,5.6032915,0.38
48,5,1.2,8,0,2000,2000,263,379.09128539874735,5.407918,0.38
48,5,1.2,8,0,2000,2000,280,384.88277079496623,5.271657,0.38
48,5,1.2,8,0,2000,2000,312,384.94148923514194,4.741221,0.38
48,5,1.2,8,0,2000,2000,279,385.4761255549408,4.8980746,0.38
48,5,1.2,8,0,2000,2000,297,392.2079932963737,5.5922647,0.38
48,5,1.2,8,0,2000,2000,267,396.0098171958215,4.9163256,0.37
48,5,1.2,8,0,2000,2000,301,403.51091989234527,5.368984,0.37
48,5,1.2,8,0,2000,2000,251,411.32184761972184,5.934432,0.38
48,5,1.2,8,0,2000,2000,208,413.39349009981134,6.7102156,0.37
48,5,1.2,8,0,2000,2000,223,417.8577478645921,6.925162,0.37
48,5,1.2,8,0,2000,2000,247,428.7080857520691,7.460606,0.37
48,5,1.2,8,0,2000,2000,194,449.0546034019559,8.107596,0.37
48,5,1.2,8,0,2000,2000,154,445.26678663734975,8.00447,0.37
48,5,1.2,8,0,2000,2000,169,468.6280207550013,8.532664,0.37
48,5,1.2,8,0,2000,2000,170,469.3257363193402,6.894846,0.37
48,5,1.2,8,0,2000,2000,152,481.444414723583,6.780428,0.38
48,5,1.2,8,0,2000,2000,152,497.93011890774096,6.480557,0.38
48,5,1.2,8,0,2000,2000,157,508.2988378488466,6.0225167,0.39
48,5,1.2,8,0,2000,2000,149,481.35683942672176,6.4955072,0.39
48,5,1.2,8,0,2000,2000,203,428.79361929966024,5.5326867,0.39
48,5,1.2,8,0,2000,2000,238,353.6506250855893,6.1989617,0.37
48,5,1.2,8,0,2000,2000,267,368.08039454631245,7.0187006,0.37
48,5,1.2,8,0,2000,2000,269,358.3891154017082,5.619422,0.36
48,5,1.2,8,0,2000,2000,268,362.7023911109799,6.770713,0.37
48,5,1.2,8,0,2000,2000,238,376.5037564035866,6.7668304,0.37
48,5,1.2,8,0,2000,2000,226,394.61116512509165,5.8330474,0.36
48,5,1.2,8,0,2000,2000,244,393.65760645326964,5.77494,0.36
48,5,1.2,8,0,2000,2000,244,389.9579077605958,6.1753955,0.36
48,5,1.2,8,0,2000,2000,301,397.4097810989328,7.8747168,0.36
48,5,1.2,8,0,2000,2000,267,412.36651738964696,6.802865,0.37
48,5,1.2,8,0,2000,2000,298,416.5171939183251,7.190763,0.37
48,5,1.2,8,0,2000,2000,242,419.64378180135736,7.036323,0.38
48,5,1.2,8,0,2000,2000,264,408.51161113704865,7.29267,0.37
48,5,1.2,8,0,2000,2000,251,406.36876510928283,7.182355,0.37
48,5,1.2,8,0,2000,2000,273,391.6806126390154,8.690965,0.36
48,5,1.2,8,0,2000,2000,252,408.727130745213,10.279625,0.35
48,5,1.2,8,0,2000,2000,233,424.05937702432266,9.898009,0.35
48,5,1.2,8,0,2000,2000,240,423.6171884062969,9.867233,0.34
48,5,1.2,8,0,2000,2000,234,428.85300727991313,7.251722,0.34
48,5,1.2,8,0,2000,2000,227,433.37067280019573,7.649952,0.34
48,5,1.2,8,0,2000,2000,214,476.6140883684268,7.9637513,0.34
48,5,1.2,8,0,2000,2000,183,480.4323637328813,7.54772,0.37
48,5,1.2,8,0,2000,2000,193,479.6421972385401,6.6664047,0.37
48,5,1.2,8,0,2000,2000,136,476.2216168407894,6.8953137,0.36
48,5,1.2,8,0,2000,2000,139,489.71005678525853,8.067905,0.35
48,5,1.2,8,0,2000,2000,124,511.1446391223406,8.545723,0.34
48,5,1.2,8,0,2000,2000,120,534.9067069799358,8.593143,0.35
48,5,1.2,8,0,2000,2000,131,537.1071744653996,8.997474,0.37
48,5,1.2,8,0,2000,2000,138,508.4625954910702,8.602329,0.37
48,5,1.2,8,0,2000,2000,152,493.26153127923527,8.638478,0.38
48,5,1.2,8,0,2000,2000,153,453.6423417117545,7.212453,0.39
48,5,1.2,8,0,2000,2000,182,405.36817514239254,5.977596,0.39
48,5,1.2,8,0,2000,2000,222,387.952457622491,6.33509,0.39
48,5,1.2,8,0,2000,2000,203,381.61309673996647,7.7069573,0.38
48,5,1.2,8,0,2000,2000,205,355.8552406649973,8.184008,0.38
48,5,1.2,8,0,2000,2000,189,350.380273910587,8.912274,0.37
48,5,1.2,8,0,2000,2000,188,352.33722071252845,8.840406,0.37
48,5,1.2,8,0,2000,2000,195,347.14087784583086,6.369989,0.37
48,5,1.2,8,0,2000,2000,165,343.94774926203064,5.369154,0.37
48,5,1.2,8,0,2000,2000,194,345.6246790776683,5.8578877,0.38
48,5,1.2,8,0,2000,2000,168,358.1180096501146,6.3012238,0.38
48,5,1.2,8,0,2000,2000,168,370.3370779720433,7.552815,0.38
48,5,1.2,8,0,2000,2000,195,362.76954509729217,8.802697,0.38
48,5,1.2,8,0,2000,2000,179,369.8256099630553,10.328185,0.38
48,5,1.2,8,0,2000,2000,221,350.43665931033917,8.141114,0.38
48,5,1.2,8,0,2000,2000,223,332.51841099067104,6.0497813,0.38
48,5,1.2,8,0,2000,2000,214,333.1610637299557,5.0273266,0.38
48,5,1.2,8,0,2000,2000,223,335.58660638021297,6.209704,0.38
48,5,1.2,8,0,2000,2000,196,341.11707056662834,6.419981,0.38
48,5,1.2,8,0,2000,2000,206,353.99696152712204,9.46049,0.38
48,5,1.2,8,0,2000,2000,189,347.21686796528695,9.082282,0.37
48,5,1.2,8,0,2000,2000,198,346.18555007273824,6.062036,0.38
48,5,1.2,8,0,2000,2000,219,337.67857669886746,5.160098,0.38
48,5,1.2,8,0,2000,2000,165,320.94037395763365,5.396491,0.37
48,5,1.2,8,0,2000,2000,178,317.18395699904113,6.5569115,0.37
48,5,1.2,8,0,2000,2000,191,326.0367839517995,5.8871455,0.37
48,5,1.2,8,0,2000,2000,182,326.1095733153793,6.7410083,0.37
48,5,1.2,8,0,2000,2000,179,338.2587128896248,6.704894,0.37
48,5,1.2,8,0,2000,2000,200,335.03536876721535,7.155357,0.37
48,5,1.2,8,0,2000,2000,178,354.08581444093596,6.390802,0.37
48,5,1.2,8,0,2000,2000,173,350.1748093622968,6.677819,0.37
48,5,1.2,8,0,2000,2000,227,353.9908916295061,10.0430765,0.37
48,5,1.2,8,0,2000,2000,223,340.59410519266265,8.44642,0.37
48,5,1.2,8,0,2000,2000,229,320.53870207395687,8.231903,0.38
48,5,1.2,8,0,2000,2000,230,314.7136594916032,6.340411,0.37
48,5,1.2,8,0,2000,2000,241,298.8320481917785,7.530831,0.37
48,5,1.2,8,0,2000,2000,220,296.8167908361284,7.166664,0.37
48,5,1.2,8,0,2000,2000,204,310.3001675587234,6.392455,0.36
48,5,1.2,8,0,2000,2000,208,318.9060468641199,6.786078,0.37
48,5,1.2,8,0,2000,2000,205,320.24631099538414,6.246051,0.38
48,5,1.2,8,0,2000,2000,205,344.96570947805213,6.5064673,0.39
48,5,1.2,8,0,2000,2000,191,327.3797938855097,5.420947,0.39
48,5,1.2,8,0,2000,2000,161,354.8023309110579,6.2901626,0.37
48,5,1.2,8,0,2000,2000,173,363.44242770196695,8.504689,0.36
48,5,1.2,8,0,2000,2000,193,383.85932968037605,9.605435,0.35
48,5,1.2,8,0,2000,2000,181,396.7038390260098,10.028988,0.35
48,5,1.2,8,0,2000,2000,167,401.2596808701891,10.701755,0.34
48,5,1.2,8,0,2000,2000,189,417.11082377523536,13.802609,0.34
48,5,1.2,8,0,2000,2000,193,428.8152019893451,13.370025,0.34
48,5,1.2,8,0,2000,2000,161,438.5733430028851,12.855985,0.33
48,5,1.2,8,0,2000,2000,158,444.36595788612885,12.906436,0.33
48,5,1.2,8,0,2000,2000,140,456.51184845149953,10.888436,0.32
48,5,1.2,8,0,2000,2000,182,439.6252433359501,11.177085,0.33
48,5,1.2,8,0,2000,2000,108,441.5527476304223,11.9112425,0.33
48,5,1.2,8,0,2000,2000,147,418.97129410254297,12.1154375,0.34
48,5,1.2,8,0,2000,2000,214,397.8541021440747,14.074228,0.36
48,5,1.2,8,0,2000,2000,231,394.10847331488606,13.235737,0.37
48,5,1.2,8,0,2000,2000,214,393.669144339797,11.197969,0.38
48,5,1.2,8,0,2000,2000,229,411.76688286824407,14.5692215,0.38
48,5,1.2,8,0,2000,2000,222,417.41179782024756,22.134209,0.38
48,5,1.2,8,0,2000,2000,233,397.55476993701376,14.401865,0.39
48,5,1.2,8,0,2000,2000,279,363.38441156517547,10.637984,0.39
48,5,1.2,8,0,2000,2000,308,294.0070524700731,6.8676696,0.39
48,5,1.2,8,0,2000,2000,333,291.3825671875445,6.8312955,0.39
48,5,1.2,8,0,2000,2000,308,285.7096670089831,7.8854227,0.39
48,5,1.2,8,0,2000,2000,351,283.8543985650654,8.458287,0.38
48,5,1.2,8,0,2000,2000,268,295.8064352781359,10.684942,0.38
48,5,1.2,8,0,2000,2000,309,323.27335843986754,12.503623,0.39
48,5,1.2,8,0,2000,2000,369,280.8891349276319,10.214091,0.38
48,5,1.2,8,0,2000,2000,325,250.38452329699962,7.123679,0.38
48,5,1.2,8,0,2000,2000,292,236.4172955940916,4.598219,0.38
48,5,1.2,8,0,2000,2000,351,257.60239967752295,4.4810853,0.38
48,5,1.2,8,0,2000,2000,339,253.27311385358263,5.2436795,0.38
48,5,1.2,8,0,2000,2000,301,252.0397431734854,5.8635936,0.39
48,5,1.2,8,0,2000,2000,243,265.27582633042067,5.539954,0.4
48,5,1.2,8,0,2000,2000,241,280.61298820204047,4.4680347,0.41
48,5,1.2,8,0,2000,2000,249,294.1269894486855,3.866203,0.4
48,5,1.2,8,0,2000,2000,272,285.6869867299832,3.4549217,0.4
48,5,1.2,8,0,2000,2000,324,286.59950364797834,3.4965124,0.39
48,5,1.2,8,0,2000,2000,306,293.6502398353683,4.9052424,0.38
48,5,1.2,8,0,2000,2000,256,318.503396503384,5.281965,0.39
48,5,1.2,8,0,2000,2000,254,325.27058640616673,6.018223,0.39
48,5,1.2,8,0,2000,2000,289,323.63317130610903,7.6266212,0.39
48,5,1.2,8,0,2000,2000,250,313.9690084357968,7.711732,0.39
48,5,1.2,8,0,2000,2000,295,323.92586390579913,4.329921,0.39
48,5,1.2,8,0,2000,2000,305,335.7981806490485,4.208764,0.39
48,5,1.2,8,0,2000,2000,282,342.16016548467235,3.700675,0.39
48,5,1.2,8,0,2000,2000,265,340.75060623005584,3.5959063,0.39
48,5,1.2,8,0,2000,2000,295,331.5712718204934,3.340017,0.39
48,5,1.2,8,0,2000,2000,307,323.4033633790321,3.5076735,0.39
48,5,1.2,8,0,2000,2000,325,310.7976270563424,4.5510554,0.39
48,5,1.2,8,0,2000,2000,364,320.9078042705835,4.974361,0.38
48,5,1.2,8,0,2000,2000,318,316.95000791911485,5.383007,0.39
48,5,1.2,8,0,2000,2000,372,314.6711067546069,5.9397135,0.39
48,5,1.2,8,0,2000,2000,317,318.2409053619283,6.4915776,0.38
48,5,1.2,8,0,2000,2000,384,318.84150546547136,6.3001885,0.39
48,5,1.2,8,0,2000,2000,363,321.61236678829596,5.7719765,0.39
48,5,1.2,8,0,2000,2000,368,322.2992807238493,3.9672377,0.39
48,5,1.2,8,0,2000,2000,385,326.9950599849483,4.0407295,0.39
48,5,1.2,8,0,2000,2000,381,327.55015208175456,3.4020753,0.39
48,5,1.2,8,0,2000,2000,396,325.74717935877106,3.3813004,0.4
48,5,1.2,8,0,2000,2000,385,325.1377825419645,3.1444066,0.4
48,5,1.2,8,0,2000,2000,345,327.64350341923654,4.0583615,0.39
48,5,1.2,8,0,2000,2000,261,320.137744600214,4.450919,0.39
48,5,1.2,8,0,2000,2000,322,344.05666888356103,5.3398285,0.39
48,5,1.2,8,0,2000,2000,382,341.1588759450257,6.0528464,0.38
48,5,1.2,8,0,2000,2000,343,340.9060065847314,5.9747186,0.38
48,5,1.2,8,0,2000,2000,310,340.8404414860239,5.953241,0.38
48,5,1.2,8,0,2000,2000,296,348.36095762008546,5.8610888,0.38
48,5,1.2,8,0,2000,2000,342,359.0377071973938,5.9073305,0.38
48,5,1.2,8,0,2000,2000,343,361.1659968402695,6.585962,0.38
48,5,1.2,8,0,2000,2000,309,358.76095605766585,6.6509137,0.38
48,5,1.2,8,0,2000,2000,331,354.8356029578373,8.191902,0.38
48,5,1.2,8,0,2000,2000,313,349.73728078127465,5.619946,0.38
48,5,1.2,8,0,2000,2000,274,351.65680635484114,5.438653,0.39
48,5,1.2,8,0,2000,2000,241,356.46636898110586,4.5519805,0.38
48,5,1.2,8,0,2000,2000,298,357.930966465636,4.682664,0.38
48,5,1.2,8,0,2000,2000,255,367.60849009245334,4.288819,0.38
48,5,1.2,8,0,2000,2000,281,364.70114187631754,4.399216,0.39
48,5,1.2,8,0,2000,2000,286,359.8997852837281,5.4199605,0.39
48,5,1.2,8,0,2000,2000,281,353.24066384999463,6.3659043,0.39
48,5,1.2,8,0,2000,2000,226,357.5725262314452,6.748688,0.39
48,5,1.2,8,0,2000,2000,272,359.9148591358195,6.6333523,0.39
48,5,1.2,8,0,2000,2000,245,356.8477939588735,5.0996013,0.39
48,5,1.2,8,0,2000,2000,239,354.90874450513945,4.380288,0.39
48,5,1.2,8,0,2000,2000,233,359.54906294584896,4.1467514,0.39
48,5,1.2,8,0,2000,2000,223,375.80539663423053,4.664707,0.39
48,5,1.2,8,0,2000,2000,262,370.56452991788626,5.9650335,0.39
48,5,1.2,8,0,2000,2000,285,370.62391771840316,6.3753104,0.39
48,5,1.2,8,0,2000,2000,302,363.72631593856005,6.631436,0.39
48,5,1.2,8,0,2000,2000,305,354.28404002030874,7.793828,0.38
48,5,1.2,8,0,2000,2000,294,351.5509368732915,7.0369625,0.38
48,5,1.2,8,0,2000,2000,257,363.9877494398182,7.2750697,0.37
48,5,1.2,8,0,2000,2000,263,386.06853170864684,5.813467,0.37
48,5,1.2,8,0,2000,2000,209,416.48841874076913,5.9743433,0.38
48,5,1.2,8,0,2000,2000,196,473.2602457965905,6.78164,0.4
48,5,1.2,8,0,2000,2000,265,511.7495306758401,6.767936,0.39
48,5,1.2,8,0,2000,2000,203,457.7933888053844,6.569452,0.4
48,5,1.2,8,0,2000,2000,190,480.23819908041907,9.187381,0.4
48,5,1.2,8,0,2000,2000,201,444.01045281621674,9.239244,0.39
48,5,1.2,8,0,2000,2000,197,439.79383669781464,7.5584435,0.39
48,5,1.2,8,0,2000,2000,186,446.69615741013746,6.9055886,0.39
48,5,1.2,8,0,2000,2000,202,436.26112322338884,7.4150095,0.39
48,5,1.2,8,0,2000,2000,237,404.02137382063427,6.6142826,0.4
48,5,1.2,8,0,2000,2000,255,353.1891800826773,7.065829,0.41
48,5,1.2,8,0,2000,2000,241,326.2862283148228,7.1411543,0.4
48,5,1.2,8,0,2000,2000,275,319.3440498169964,6.6523647,0.4
48,5,1.2,8,0,2000,2000,244,320.0230518530198,5.520919,0.4
48,5,1.2,8,0,2000,2000,220,320.14586886833644,6.280396,0.4
48,5,1.2,8,0,2000,2000,238,338.99346052937517,7.070807,0.4
48,5,1.2,8,0,2000,2000,262,337.8327998170695,6.388925,0.4
48,5,1.2,8,0,2000,2000,270,333.67958144924285,7.578999,0.4
48,5,1.2,8,0,2000,2000,211,335.50188801891846,6.865662,0.39
48,5,1.2,8,0,2000,2000,212,341.6919347745212,7.4835863,0.39
48,5,1.2,8,0,2000,2000,246,343.28948010047424,6.994973,0.39
48,5,1.2,8,0,2000,2000,262,335.8418450352004,6.5005474,0.39
48,5,1.2,8,0,2000,2000,219,337.3384723513284,7.6991625,0.39
48,5,1.2,8,0,2000,2000,232,333.28319004693674,8.572064,0.39
48,5,1.2,8,0,2000,2000,270,323.08957143937704,9.016722,0.38
48,5,1.2,8,0,2000,2000,276,312.9836830092779,8.511922,0.38
48,5,1.2,8,0,2000,2000,250,316.5105056586595,8.73836,0.38
48,5,1.2,8,0,2000,2000,235,319.32563531666085,7.450066,0.38
48,5,1.2,8,0,2000,2000,224,314.0769296288085,8.364899,0.37
48,5,1.2,8,0,2000,2000,232,319.84219572410717,8.501314,0.38
48,5,1.2,8,0,2000,2000,230,299.7061406226517,8.850265,0.36
48,5,1.2,8,0,2000,2000,257,290.40091094449514,9.659578,0.36
48,5,1.2,8,0,2000,2000,245,276.20602732452875,9.478913,0.35
48,5,1.2,8,0,2000,2000,263,261.1247446294103,7.3809376,0.35
48,5,1.2,8,0,2000,2000,301,251.27686040558171,9.325782,0.35
48,5,1.2,8,0,2000,2000,271,249.72709030822634,8.035694,0.35
48,5,1.2,8,0,2000,2000,311,268.9230922914838,8.287999,0.35
48,5,1.2,8,0,2000,2000,306,274.7850714270883,8.608416,0.35
48,5,1.2,8,0,2000,2000,286,275.1937800213689,9.386783,0.34
48,5,1.2,8,0,2000,2000,352,293.59623240825334,10.345686,0.34
48,5,1.2,8,0,2000,2000,295,311.9823493285194,8.820815,0.34
48,5,1.2,8,0,2000,2000,283,338.3314486133588,7.818249,0.34
48,5,1.2,8,0,2000,2000,278,359.81409338691,9.772716,0.34
48,5,1.2,8,0,2000,2000,297,386.1928051782701,9.308296,0.33
48,5,1.2,8,0,2000,2000,236,410.37001593691934,9.341241,0.33
48,5,1.2,8,0,2000,2000,310,416.7185692166576,9.039293,0.33
48,5,1.2,8,0,2000,2000,271,424.3003918325341,8.860109,0.33
48,5,1.2,8,0,2000,2000,277,432.69299904074046,8.600266,0.33
48,5,1.2,8,0,2000,2000,267,440.54612607746765,9.139307,0.33
48,5,1.2,8,0,2000,2000,284,440.97299043061145,9.167896,0.34
48,5,1.2,8,0,2000,2000,236,454.89203106644914,10.06847,0.34
48,5,1.2,8,0,2000,2000,231,468.24708667066443,8.977752,0.34
48,5,1.2,8,0,2000,2000,230,481.14396263959804,8.311968,0.34
48,5,1.2,8,0,2000,2000,214,488.19437466851804,7.649246,0.34
48,5,1.2,8,0,2000,2000,235,490.61930443109867,9.0993805,0.33
48,5,1.2,8,0,2000,2000,267,479.9396738517553,9.645659,0.33
48,5,1.2,8,0,2000,2000,246,472.34633228376856,10.08812,0.33
48,5,1.2,8,0,2000,2000,233,483.0713755276769,9.782956,0.33
48,5,1.2,8,0,2000,2000,265,507.1978473106588,8.383615,0.33
48,5,1.2,8,0,2000,2000,295,511.8268232495097,8.617168,0.32
48,5,1.2,8,0,2000,2000,297,519.17904594793,7.494364,0.32
48,5,1.2,8,0,2000,2000,290,525.9169179274064,7.937153,0.32
48,5,1.2,8,0,2000,2000,306,529.4933716732721,8.049727,0.32
48,5,1.2,8,0,2000,2000,351,548.3512572684127,8.314184,0.33
48,5,1.2,8,0,2000,2000,321,553.7313163772983,9.690691,0.33
48,5,1.2,8,0,2000,2000,286,552.5366595034149,9.858701,0.33
48,5,1.2,8,0,2000,2000,318,543.7000679009159,11.413189,0.33
48,5,1.2,8,0,2000,2000,284,544.1939057601978,10.693576,0.33
48,5,1.2,8,0,2000,2000,264,536.89756948788,9.817441,0.33
48,5,1.2,8,0,2000,2000,262,542.3046320061994,9.063246,0.33
48,5,1.2,8,0,2000,2000,247,553.0168186951057,9.406934,0.32
48,5,1.2,8,0,2000,2000,267,567.213868787599,9.577617,0.32
48,5,1.2,8,0,2000,2000,258,585.7679551575613,9.674858,0.33
48,5,1.2,8,0,2000,2000,216,596.8503794171311,7.8446918,0.33
48,5,1.2,8,0,2000,2000,255,596.9323900057242,8.425568,0.33
48,5,1.2,8,0,2000,2000,270,586.4490781751749,8.963472,0.33
48,5,1.2,8,0,2000,2000,292,593.7536613652717,8.751316,0.33
48,5,1.2,8,0,2000,2000,286,594.6641400182768,7.4796214,0.33
48,5,1.2,8,0,2000,2000,296,566.7811462619388,7.776613,0.33
48,5,1.2,8,0,2000,2000,295,537.2302841094086,8.304381,0.33
48,5,1.2,8,0,2000,2000,291,544.9545040333176,8.905971,0.33
48,5,1.2,8,0,2000,2000,305,558.3109376447519,7.3658032,0.33
48,5,1.2,8,0,2000,2000,282,564.9764020490528,7.564783,0.33
48,5,1.2,8,0,2000,2000,292,568.4534533470382,9.248989,0.33
48,5,1.2,8,0,2000,2000,283,560.5851775626784,7.945953,0.32
48,5,1.2,8,0,2000,2000,244,538.3693329234791,8.7989235,0.32
48,5,1.2,8,0,2000,2000,293,530.9459798886351,10.579834,0.32
48,5,1.2,8,0,2000,2000,223,536.0258069870252,10.474627,0.33
48,5,1.2,8,0,2000,2000,285,529.7406809987592,10.217626,0.33
48,5,1.2,8,0,2000,2000,218,536.2677378340957,8.932655,0.33
48,5,1.2,8,0,2000,2000,216,536.1280532014262,8.944476,0.33
48,5,1.2,8,0,2000,2000,263,523.0123469476645,7.5506787,0.33
48,5,1.2,8,0,2000,2000,259,519.3529173822056,8.465935,0.33
48,5,1.2,8,0,2000,2000,256,517.290489374125,8.90731,0.34
48,5,1.2,8,0,2000,2000,275,518.0261821932648,8.388256,0.34
48,5,1.2,8,0,2000,2000,243,504.36173399590183,8.072703,0.34
48,5,1.2,8,0,2000,2000,250,512.6006003069048,6.9105453,0.34
48,5,1.2,8,0,2000,2000,253,525.8155173028299,6.44596,0.34
48,5,1.2,8,0,2000,2000,283,532.8071152625057,6.8595815,0.35
48,5,1.2,8,0,2000,2000,275,522.8976759272851,6.1793766,0.35
48,5,1.2,8,0,2000,2000,278,502.6487538364996,5.813328,0.35
48,5,1.2,8,0,2000,2000,292,477.1788695489527,5.890943,0.35
48,5,1.2,8,0,2000,2000,300,437.11741671195443,6.138018,0.35
48,5,1.2,8,0,2000,2000,332,443.1810319726944,6.271548,0.35
48,5,1.2,8,0,2000,2000,287,438.708324317925,6.610622,0.35
48,5,1.2,8,0,2000,2000,322,421.16249119271436,6.5141177,0.34
48,5,1.2,8,0,2000,2000,381,410.6832945608541,6.2584805,0.34
48,5,1.2,8,0,2000,2000,327,413.73572136172925,6.4738,0.35
48,5,1.2,8,0,2000,2000,295,428.7134706713431,7.0506883,0.34
48,5,1.2,8,0,2000,2000,306,464.16758160139625,8.014655,0.34
48,5,1.2,8,0,2000,2000,294,484.8835029817671,8.148113,0.34
48,5,1.2,8,0,2000,2000,325,497.13608759277054,8.628317,0.34
48,5,1.2,8,0,2000,2000,327,503.6456308311205,10.397149,0.34
48,5,1.2,8,0,2000,2000,258,490.6281495433937,12.421839,0.34
48,5,1.2,8,0,2000,2000,240,470.8301084357196,10.849029,0.33
48,5,1.2,8,0,2000,2000,316,425.9231048298239,10.360921,0.33
48,5,1.2,8,0,2000,2000,303,442.633999620728,8.250521,0.33
48,5,1.2,8,0,2000,2000,268,465.66964719908543,8.51435,0.34
48,5,1.2,8,0,2000,2000,269,430.66625483048296,9.00079,0.34
48,5,1.2,8,0,2000,2000,251,411.7209650274993,8.270771,0.34
48,5,1.2,8,0,2000,2000,230,420.3617503879787,7.478832,0.35
48,5,1.2,8,0,2000,2000,262,433.6913754101061,7.1437297,0.35
48,5,1.2,8,0,2000,2000,254,438.03351564517294,7.6457996,0.35
48,5,1.2,8,0,2000,2000,247,427.62308076795665,9.2182,0.35
48,5,1.2,8,0,2000,2000,259,422.69660642366483,7.0266385,0.35
48,5,1.2,8,0,2000,2000,242,423.34933157616723,5.074102,0.36
48,5,1.2,8,0,2000,2000,186,434.95460115713274,5.774404,0.36
48,5,1.2,8,0,2000,2000,282,448.5428214324676,5.650665,0.36
48,5,1.2,8,0,2000,2000,282,442.47448856654,5.368605,0.37
48,5,1.2,8,0,2000,2000,256,446.69782635986337,5.6470256,0.37
48,5,1.2,8,0,2000,2000,209,464.4614917954398,6.0065894,0.37
48,5,1.2,8,0,2000,2000,257,480.9085898528824,6.5337563,0.37
48,5,1.2,8,0,2000,2000,248,466.08126594351427,6.6469054,0.37
48,5,1.2,8,0,2000,2000,261,475.6804672263966,6.166404,0.37
48,5,1.2,8,0,2000,2000,279,466.11858351731223,7.0680184,0.37
48,5,1.2,8,0,2000,2000,224,455.04653200918364,6.497021,0.37
48,5,1.2,8,0,2000,2000,273,461.51031042074084,6.6772623,0.37
48,5,1.2,8,0,2000,2000,245,464.66736199204956,4.5995245,0.37
48,5,1.2,8,0,2000,2000,248,466.56583779490023,4.5581026,0.37
48,5,1.2,8,0,2000,2000,209,473.41919477642585,4.9999228,0.37
48,5,1.2,8,0,2000,2000,271,476.5487210564448,5.9647255,0.37
48,5,1.2,8,0,2000,2000,283,472.79311004405594,6.526681,0.37
48,5,1.2,8,0,2000,2000,254,462.649452833521,5.9708533,0.37
48,5,1.2,8,0,2000,2000,291,466.6541893398004,5.8812466,0.37
48,5,1.2,8,0,2000,2000,312,459.85730746415794,6.093331,0.37
48,5,1.2,8,0,2000,2000,321,444.16407218145747,6.2848687,0.37
48,5,1.2,8,0,2000,2000,314,426.79646229819423,5.7601624,0.37
48,5,1.2,8,0,2000,2000,316,431.29362088991513,5.597752,0.37
48,5,1.2,8,0,2000,2000,349,435.97764525543266,5.920306,0.37
48,5,1.2,8,0,2000,2000,340,427.3628100072836,6.1108875,0.37
48,5,1.2,8,0,2000,2000,337,437.1602428063919,6.6841626,0.37
48,5,1.2,8,0,2000,2000,330,451.7672067307154,6.485214,0.37
48,5,1.2,8,0,2000,2000,301,448.901179965851,6.086987,0.37
48,5,1.2,8,0,2000,2000,342,441.7458814098522,5.7927113,0.36
48,5,1.2,8,0,2000,2000,346,449.85338152202985,5.624653,0.36
48,5,1.2,8,0,2000,2000,341,452.21957118584663,6.6602564,0.36
48,5,1.2,8,0,2000,2000,429,458.46987788907217,6.0105247,0.36
48,5,1.2,8,0,2000,2000,325,459.5194924846151,5.9700603,0.36
48,5,1.2,8,0,2000,2000,348,460.59694792139976,5.8578634,0.35
48,5,1.2,8,0,2000,2000,382,454.8555486613121,6.4292984,0.35
48,5,1.2,8,0,2000,2000,388,448.1339373631133,7.300472,0.35
48,5,1.2,8,0,2000,2000,382,440.01891054238416,7.626367,0.34
48,5,1.2,8,0,2000,2000,403,438.22301786941415,7.350278,0.34
48,5,1.2,8,0,2000,2000,387,449.0899177402534,7.7038355,0.34
48,5,1.2,8,0,2000,2000,362,455.3714350782161,8.2734785,0.34
48,5,1.2,8,0,2000,2000,375,458.22075245407564,7.3583117,0.34
48,5,1.2,8,0,2000,2000,397,458.19851921164997,7.1973886,0.33
48,5,1.2,8,0,2000,2000,319,461.862724507674,8.337619,0.33
48,5,1.2,8,0,2000,2000,363,461.37782109690227,7.7019734,0.33
48,5,1.2,8,0,2000,2000,375,459.4151187835914,7.654472,0.33
48,5,1.2,8,0,2000,2000,389,461.0717283886818,7.1508846,0.33
48,5,1.2,8,0,2000,2000,375,467.3681364611269,7.6452985,0.33
48,5,1.2,8,0,2000,2000,442,472.8049518093125,7.2120237,0.33
48,5,1.2,8,0,2000,2000,401,484.94453423069837,7.305856,0.33
48,5,1.2,8,0,2000,2000,448,487.275089095544,7.62858,0.33
48,5,1.2,8,0,2000,2000,429,489.2274419240587,7.434384,0.33
48,5,1.2,8,0,2000,2000,465,490.3825241265661,7.356003,0.33
48,5,1.2,8,0,2000,2000,455,492.41089380685617,6.326007,0.33
48,5,1.2,8,0,2000,2000,491,491.53583187973277,5.768702,0.32
48,5,1.2,8,0,2000,2000,513,495.30986190325865,4.604223,0.32
48,5,1.2,8,0,2000,2000,583,485.2099965291874,4.2375016,0.32
48,5,1.2,8,0,2000,2000,605,476.73244916926683,4.515233,0.32
48,5,1.2,8,0,2000,2000,650,473.4908021827048,3.8274512,0.32
48,5,1.2,8,0,2000,2000,624,473.13682641621665,4.072548,0.33
48,5,1.2,8,0,2000,2000,752,467.8866177284821,3.4242983,0.32
48,5,1.2,8,0,2000,2000,736,467.87660019601157,3.1609528,0.32
48,5,1.2,8,0,2000,2000,753,470.8614034316681,2.805101,0.33
48,5,1.2,8,0,2000,2000,789,476.2615298032317,2.5124643,0.33
48,5,1.2,8,0,2000,2000,849,477.22507189303764,2.2372324,0.33
48,5,1.2,8,0,2000,2000,837,478.3418584788434,1.9857539,0.33
48,5,1.2,8,0,2000,2000,795,485.35749679442006,1.771735,0.33
48,5,1.2,8,0,2000,2000,748,487.83415558965794,1.7743803,0.33
48,5,1.2,8,0,2000,2000,731,481.27752235517835,1.8654326,0.33
48,5,1.2,8,0,2000,2000,644,481.7490397560967,1.7094443,0.33
48,5,1.2,8,0,2000,2000,928,476.5225341395144,1.3643018,0.33
48,5,1.2,8,0,2000,2000,1018,466.6910883916017,1.2297475,0.33
48,5,1.2,8,0,2000,2000,1075,466.40671338452785,1.1402768,0.33
48,5,1.2,8,0,2000,2000,1111,462.4192244395978,1.0567113,0.33
48,5,1.2,8,0,2000,2000,1040,460.24087711945754,0.97029066,0.33
48,5,1.2,8,0,2000,2000,1215,458.22014841153145,0.85400087,0.33
48,5,1.2,8,0,2000,2000,1138,462.9718663971407,0.7399333,0.33
48,5,1.2,8,0,2000,2000,1202,459.9516163903249,0.6264309,0.33
48,5,1.2,8,0,2000,2000,1185,458.6620604544042,0.53170955,0.33
48,5,1.2,8,0,2000,2000,1273,459.89082026120434,0.4211568,0.33
48,5,1.2,8,0,2000,2000,1274,460.5124675414862,0.32647297,0.33
48,5,1.2,8,0,2000,2000,1066,461.32725674910995,0.37670302,0.33
48,5,1.2,8,0,2000,2000,1331,461.5383502780487,0.27559364,0.33
48,5,1.2,8,0,2000,2000,1428,462.4138390138627,0.22334632,0.33
48,5,1.2,8,0,2000,2000,1439,461.53431720296965,0.1827753,0.33
48,5,1.2,8,0,2000,2000,1510,460.1815610840662,0.13288738,0.33
48,5,1.2,8,0,2000,2000,1483,458.8976133162841,0.096608914,0.33
48,5,1.2,8,0,2000,2000,1497,458.40155815086047,0.099079445,0.33
48,5,1.2,8,0,2000,2000,1162,458.63479069079744,0.20453306,0.33
48,5,1.2,8,0,2000,2000,1501,457.4512679385001,0.088214785,0.33
48,5,1.2,8,0,2000,2000,1252,457.60245021452823,0.164554,0.33
48,5,1.2,8,0,2000,2000,1345,459.0092422094239,0.1418955,0.33
48,5,1.2,8,0,2000,2000,1405,456.7331273516519,0.0972233,0.33
48,5,1.2,8,0,2000,2000,1284,455.9766339157463,0.13844353,0.33
48,5,1.2,8,0,2000,2000,1450,457.5588756773629,0.07732675,0.33
48,5,1.2,8,0,2000,2000,1583,455.58333611037494,0.061819367,0.33
48,5,1.2,8,0,2000,2000,1553,454.93882578759207,0.06897495,0.33
48,5,1.2,8,0,2000,2000,1611,456.82216125244537,0.048396055,0.33
48,5,1.2,8,0,2000,2000,1569,456.16669220460705,0.057868175,0.33
48,5,1.2,8,0,2000,2000,1608,456.35094740195564,0.048156116,0.33
48,5,1.2,8,0,2000,2000,1568,455.37271350102753,0.071478724,0.33
48,5,1.2,8,0,2000,2000,1603,455.7890667455492,0.055450883,0.33
48,5,1.2,8,0,2000,2000,1626,455.95197036300226,0.053290475,0.33
48,5,1.2,8,0,2000,2000,1606,456.98819851654304,0.05580148,0.33
48,5,1.2,8,0,2000,2000,1611,457.7768212813003,0.049071383,0.33
48,5,1.2,8,0,2000,2000,1607,458.3504248919515,0.055097032,0.33
48,5,1.2,8,0,2000,2000,1634,457.1069055972607,0.047102243,0.33
48,5,1.2,8,0,2000,2000,1630,456.73172950014765,0.050700475,0.33
48,5,1.2,8,0,2000,2000,1619,456.7060922517739,0.055819023,0.33
